codeP,date,spe,sp_check,region,site,depth,season,P,I,Volume,Weight,Surface,Vi,V.bio,W.fil,W.fil.tis,W.fil.tis.bur,countS.1,countS.2,countS.3,countS.4,countS.5,countS.6,countC.1,countC.2,countC.3,countC.4,countC.5,countC.6,V.chl.slurry,V.extraction.T,V.extraction.S,A750T,A664T,A647T,A630T,A750S,A664S,A647S,A630S,SDS1V,V.prot.slurry,STC,STCX4,STCX3,STCX2,STCX1,STCE,abs.prot.blank,abs.prot.zoox1,abs.prot.zoox2,abs.prot.zoox3,abs.prot.host1,abs.prot.host2,abs.prot.host3,STC-2 (for host),STCX4b,STCX3b,STCX2b,STCX1b,STCEb,abs.prot.blank.b,Hdelta15N,Hdelta13C,Zdelta15N,Zdelta13C,H_N%,H_C%,Z_N%,Z_C%,SST_mean,SST_sd,light_mean,light_sd
ACPSBA1,2/10/2017,A. muricata,1,NT,Bitou,10,s,1,1,4944.036621,7.7132,8238.788086,10,1,0.0896,0.1102,0.1025,538,832,672,787,762,NA,42,38,54,40,48,NA,1,10,10,-0.001,0.327,0.092,0.098,0,0.187,0.055,0.056,2,5,STC.2019.06.13,-184.76,685.63,-603.7,884.1,-6.4908,0.085966667,1.7749,1.59,1.7149,1.6488,1.6308,1.6354,STC.2019.06.13,-16.535,17.559,117.69,787.66,2.8687,0.090666667,6.063,-13.839,5.136,-14.106,0.9880738,8.2108077,6.4083612,53.007301,28.61901639,0.356364537,22.1440168,3.455177367
ACPSBA3,2/10/2017,A. muricata,1,NT,Bitou,10,s,1,1,4312.081543,7.0219,4117.744629,10,1,0.0903,0.1086,0.103,493,515,515,461,418,NA,7,10,7,4,5,NA,1,10,10,-0.001,0.211,0.059,0.063,0.108,0.319,0.178,0.171,2,5,STC.2019.06.13,-184.76,685.63,-603.7,884.1,-6.4908,0.085966667,1.2396,1.0451,1.0076,1.17,1.1514,1.1344,STC.2019.06.13,-16.535,17.559,117.69,787.66,2.8687,0.090666667,5.669,-14.137,5.105,-15.065,0.7481825,7.2635755,6.1432171,51.0538715,28.61901639,0.356364537,22.1440168,3.455177367
ACPSBA4,2/10/2017,A. muricata,1,NT,Bitou,10,s,1,1,3515.539551,5.6229,4408.412598,10,1,0.0898,0.1036,0.0982,530,410,380,350,420,NA,25,28,27,24,32,NA,1,10,10,-0.001,0.165,0.047,0.053,0.262,0.37,0.295,0.296,2,5,STC.2019.06.13,-184.76,685.63,-603.7,884.1,-6.4908,0.085966667,1.4479,1.5825,1.5673,1.2993,1.2575,1.2597,STC.2019.06.13,-16.535,17.559,117.69,787.66,2.8687,0.090666667,5.235,-15.411,4.926,-15.041,0.5407806,5.136241,5.7739635,50.8796749,28.61901639,0.356364537,22.1440168,3.455177367
ACPSLA12,17/11/2017,A. muricata,1,NT,Longdong,10,s,1,1,8686.525391,14.7809,9299.37793,10,1,0.09,0.1003,0.0973,5,8,4,6,6,NA,7,6,6,7,5,NA,1,10,10,-0.002,0.038,0.011,0.011,0.279,0.536,0.366,0.372,2,5,STC.2019.06.13,-184.76,685.63,-603.7,884.1,-6.4908,0.085966667,0.7519,0.6759,0.6413,0.9074,0.8866,0.8854,STC.2019.06.13,-16.535,17.559,117.69,787.66,2.8687,0.090666667,5.079,-18.028,4.05,-18.549,0.6313692,3.8738078,6.756816,49.5648132,27.54295082,1.263945337,20.80831681,2.063311939
ACPS3,9/2/2017,A. muricata,1,GI,Guiwan ,10,w,1,1,8744.292969,13.6266,8042.185059,10,1,0.0867,0.0974,0.0945,34,40,56,54,56,NA,54,47,56,60,60,NA,1,10,10,-0.001,0.035,0.009,0.009,0.163,0.228,0.187,0.184,2,5,STC.2019.06.13,-184.76,685.63,-603.7,884.1,-6.4908,0.085966667,0.7092,0.6227,0.7278,0.5873,0.5781,0.588,STC.2019.06.13,-16.535,17.559,117.69,787.66,2.8687,0.090666667,2.749,-15.898,2.742,-15.975,0.5454371,3.7433533,7.3588994,51.3039699,25.10322581,0.186429381,23.55455652,5.33163119
ACPS4,9/2/2017,A. muricata,1,GI,Guiwan ,10,w,1,1,3100.370117,5.4367,4304.625977,10,1,0.0894,0.1026,0.0981,325,330,365,400,365,NA,40,45,25,20,25,NA,1,10,10,-0.001,0.185,0.053,0.056,0.001,0.085,0.034,0.025,2,5,STC.2019.06.13,-184.76,685.63,-603.7,884.1,-6.4908,0.085966667,1.4157,1.3833,1.3839,0.9265,0.9451,0.9719,STC.2019.06.13,-16.535,17.559,117.69,787.66,2.8687,0.090666667,3.042,-17.315,3.197,-17.455,0.4936668,3.7793216,7.3381394,50.5194552,25.10322581,0.186429381,23.55455652,5.33163119
ACPS5,10/2/2017,A. muricata,1,GI,Guiwan ,10,w,1,1,7250.125488,10.8436,6240.540527,10,1,0.0881,0.1072,0.099,590,830,540,715,250,NA,115,180,85,195,65,NA,1,10,10,0,0.25,0.075,0.078,0.003,0.147,0.05,0.047,2,5,STC.2019.06.13,-184.76,685.63,-603.7,884.1,-6.4908,0.085966667,2.1643,2.2419,2.1165,2.1338,2.1258,2.1908,STC.2019.06.13,-16.535,17.559,117.69,787.66,2.8687,0.090666667,3.094,-16.808,2.817,-16.982,0.7189813,4.7168757,7.5177706,50.751429,25.10322581,0.186429381,23.55455652,5.33163119
ACPSS1,21/07/2017,A. muricata,1,GI,Guiwan ,10,s,1,1,7980.586914,13.6935,6634.570801,10,1,0.0885,0.1046,0.0989,338,403,302,178,257,NA,96,94,72,43,60,NA,1,10,10,0.003,0.064,0.024,0.026,0.085,0.186,0.114,0.114,2,5,STC.2019.06.13,-184.76,685.63,-603.7,884.1,-6.4908,0.085966667,1.3626,1.276,1.3511,1.5663,1.5547,1.6742,STC.2019.06.13,-16.535,17.559,117.69,787.66,2.8687,0.090666667,3.167,-14.613,2.501,-14.864,0.9589559,7.4027551,6.0571372,49.9360531,28.34967213,1.07605602,44.06271592,4.294457341
ACPSS2,21/07/2017,A. muricata,1,GI,Guiwan ,10,s,1,1,7838.535156,13.2728,8120.495117,10,1,0.0894,0.1051,0.1,15,16,16,11,14,NA,21,22,17,18,19,NA,1,10,10,-0.001,0.034,0.009,0.01,0.1,0.283,0.161,0.154,2,5,STC.2019.06.13,-184.76,685.63,-603.7,884.1,-6.4908,0.085966667,0.9339,0.7432,0.9731,1.0888,1.0902,1.1314,STC.2019.06.13,-16.535,17.559,117.69,787.66,2.8687,0.090666667,2.052,-16.349,2.602,-16.182,0.743752,4.7712662,7.1054908,51.901447,28.34967213,1.07605602,44.06271592,4.294457341
ACPSS3,21/07/2017,A. muricata,1,GI,Guiwan ,10,s,1,1,9815.979492,12.8341,10017.91016,10,1,0.0902,0.106,0.0998,290,288,342,244,324,NA,108,124,112,138,148,NA,1,10,10,0.002,0.068,0.023,0.025,0.053,0.099,0.064,0.064,2,5,STC.2019.06.13,-184.76,685.63,-603.7,884.1,-6.4908,0.085966667,1.3112,1.3987,1.411,1.9277,1.9162,2.0554,STC.2019.06.13,-16.535,17.559,117.69,787.66,2.8687,0.090666667,2.854,-15.555,2.705,-15.316,0.6880965,5.456384,6.3044271,51.6326329,28.34967213,1.07605602,44.06271592,4.294457341
ACPSS4,21/07/2017,A. muricata,1,GI,Guiwan ,10,s,1,1,9149.125977,10.3551,9435.504883,20,1,0.089,0.1081,0.1004,358,338,312,298,400,NA,194,168,130,180,128,NA,1,10,10,0.014,0.064,0.028,0.028,0.16,0.337,0.211,0.214,2,5,STC.2019.06.13,-184.76,685.63,-603.7,884.1,-6.4908,0.085966667,1.4591,1.5377,1.5677,2.03,1.851,1.9642,STC.2019.06.13,-16.535,17.559,117.69,787.66,2.8687,0.090666667,2.868,-13.749,2.839,-14.676,1.0404764,8.3150734,6.5940773,52.3514828,28.34967213,1.07605602,44.06271592,4.294457341
ACPSS5,21/07/2017,A. muricata,1,GI,Guiwan ,10,s,1,1,9611.666992,16.4427,8228.452148,10,1,0.0922,0.1059,0.1018,139,153,153,128,124,NA,38,45,74,63,65,NA,1,10,10,0.001,0.128,0.038,0.041,0.203,0.245,0.217,0.219,2,5,STC.2019.06.13,-184.76,685.63,-603.7,884.1,-6.4908,0.085966667,0.7736,0.7675,0.7994,0.8405,0.847,0.8671,STC.2019.06.13,-16.535,17.559,117.69,787.66,2.8687,0.090666667,3.236,-14.273,2.826,-14.654,0.6900668,6.3666551,6.5795293,52.9398945,28.34967213,1.07605602,44.06271592,4.294457341
ACPSS6,21/07/2017,A. muricata,1,GI,Guiwan ,10,s,1,1,5332.700195,6.9871,5514.60498,10,1,0.0906,0.1094,0.1028,320,330,350,348,332,NA,124,160,92,80,110,NA,1,10,10,0,0.128,0.036,0.041,0.184,0.288,0.216,0.217,2,5,STC.2019.06.13,-184.76,685.63,-603.7,884.1,-6.4908,0.085966667,1.7643,1.7389,1.8347,1.9019,1.9288,1.9651,STC.2019.06.13,-16.535,17.559,117.69,787.66,2.8687,0.090666667,3.453,-14.589,2.617,-14.716,0.9009186,6.5756272,6.5024309,52.0826637,28.34967213,1.07605602,44.06271592,4.294457341
CYPS1,8/2/2017,C. microphthalma,1,GI,Guiwan ,10,w,1,1,12954.2441,20.5006,4296.1406,10,1,0.0893,0.1078,0.102,165,185,175,200,170,145,20,40,31,54,46,49,3,10,10,-0.002,0.197,0.056,0.059,-0.001,1.43,0.609,0.4,3,5,STC.2017.12.25,-5.6885,-18.664,257.41,584.9,1.1277,0.08825,0.6666,0.6671,NA,1.3259,1.3386,NA,NA,NA,NA,NA,NA,NA,NA,3.107,-16.519,4.185,-15.34,0.303009,2.3207965,4.8844597,46.0622422,25.10322581,0.186429381,23.55455652,5.33163119
CYPS4,8/2/2017,C. microphthalma,1,GI,Guiwan ,10,w,1,1,7848.6904,14.1326,3082.2935,10,1,0.0898,0.1095,0.1033,133,176,195,130,165,135,32,25,31,21,20,24,3,10,10,-0.002,0.316,0.089,0.094,0.004,1.242,0.647,0.35,3,5,STC.2017.12.25,-5.6885,-18.664,257.41,584.9,1.1277,0.08825,0.7699,0.8197,NA,1.224,1.2399,NA,NA,NA,NA,NA,NA,NA,NA,2.339,-16.277,2.197,-16.789,0.3286472,2.5311685,4.063545,34.453423,25.10322581,0.186429381,23.55455652,5.33163119
CYPS6,9/2/2017,C. microphthalma,1,GI,Guiwan ,10,w,1,1,8692.0371,16.2088,3023.0784,10,1,0.0891,0.1071,0.1022,155,180,120,134,140,170,26,24,11,23,18,29,3,10,10,-0.003,0.218,0.059,0.067,0.002,1.693,0.891,0.463,3,5,STC.2017.12.26,-5.6885,-18.664,257.41,584.9,1.1277,0.08825,0.7795,0.7678,NA,0.9891,1.0036,NA,NA,NA,NA,NA,NA,NA,NA,-0.123,-14.661,3.612,-15.207,0.5493507,4.3161107,4.0480424,31.0442481,25.10322581,0.186429381,23.55455652,5.33163119
CYPS9,9/2/2017,C. microphthalma,1,GI,Guiwan ,10,w,1,1,28819.3594,58.5801,6742.7944,11,1,0.0888,0.1086,0.1022,330,380,275,340,350,360,93,102,62,108,69,50,3,10,10,-0.002,0.381,0.11,0.109,0.004,1.786,1.155,0.561,3,5,STC.2017.12.26,-5.6885,-18.664,257.41,584.9,1.1277,0.08825,1.0147,1.016,NA,1.3057,1.3397,NA,NA,NA,NA,NA,NA,NA,NA,3.216,-13.474,3.25,-14.44,0.9041764,9.8137145,5.9093394,46.3672515,25.10322581,0.186429381,23.55455652,5.33163119
CYPS11,14/02/2017,C. microphthalma,1,GI,Guiwan ,10,w,1,1,18927.1289,12.655,10305.5811,11,1,0.0905,0.1116,0.1048,265,165,295,270,225,240,34,30,15,16,31,26,3,10,10,-0.002,0.38,0.109,0.12,0.002,0.845,0.588,0.275,3,5,STC.2017.12.26,-5.6885,-18.664,257.41,584.9,1.1277,0.08825,1.167,1.119,NA,1.259,1.2806,NA,NA,NA,NA,NA,NA,NA,NA,0.356,-15.71,3.362,-15.604,0.6368384,5.7821943,4.8775945,38.5700404,25.10322581,0.186429381,23.55455652,5.33163119
CYPD5,8/2/2017,C. microphthalma,1,GI,Guiwan ,40,w,1,1,4383.0029,7.1315,4655.4141,10,1,0.0891,0.1078,0.1023,185,145,205,110,215,215,20,21,20,29,19,27,3,10,10,-0.004,0.183,0.051,0.053,0,0.828,0.46,0.246,3,5,STC.2017.12.26,-5.6885,-18.664,257.41,584.9,1.1277,0.08825,0.6296,0.6463,NA,0.9375,0.9626,NA,NA,NA,NA,NA,NA,NA,NA,1.371,-19.319,1.954,-18.853,0.3041467,2.4575108,4.1855143,33.2235089,25.10322581,0.186429381,8.22187065,2.703807284
CYPD8,12/2/2017,C. microphthalma,1,GI,Guiwan ,40,w,1,1,6167.4229,11.4219,4312.5557,10,1,0.0893,0.1061,0.1016,155,148,155,141,170,173,17,16,11,10,11,7,3,10,10,-0.003,0.148,0.041,0.047,0.002,1.132,0.65,0.302,3,5,STC.2017.12.26,-5.6885,-18.664,257.41,584.9,1.1277,0.08825,0.5383,0.522,NA,0.6437,0.6542,NA,NA,NA,NA,NA,NA,NA,NA,2.442,-17.415,3.243,-17.507,0.3797758,2.9500216,5.022801,38.6906518,25.10322581,0.186429381,8.22187065,2.703807284
CYPSS1,19/07/2017,C. microphthalma,1,GI,Guiwan ,10,s,1,1,75203.4219,123.3383,14014.5859,10,1,0.0849,0.1053,0.0993,156,135,133,125,150,146,46,39,36,30,28,31,3,10,10,-0.004,0.256,0.073,0.082,0.002,1.057,0.756,0.332,3,5,STC.2017.12.26,-5.6885,-18.664,257.41,584.9,1.1277,0.08825,0.6386,0.6591,NA,0.8324,0.8426,NA,NA,NA,NA,NA,NA,NA,NA,1.83,-13.999,2.702,-14.101,0.691975,6.693119,2.6466014,25.105365,28.34967213,1.07605602,44.06271592,4.294457341
CYPSS2,20/07/2017,C. microphthalma,1,GI,Guiwan ,10,s,1,1,26555.6563,39.1893,9045.9922,10,1,0.0901,0.1098,0.1037,170,255,185,210,280,245,18,17,9,14,10,18,3,10,10,-0.004,0.241,0.066,0.074,-0.002,0.832,0.459,0.21,3,5,STC.2017.12.26,-5.6885,-18.664,257.41,584.9,1.1277,0.08825,0.7458,NA,NA,1.3408,1.368,NA,NA,NA,NA,NA,NA,NA,NA,-2.277,-17.688,2.908,-16.573,0.5190122,4.299195,3.8636968,28.9800531,28.34967213,1.07605602,44.06271592,4.294457341
CYPDS3,18/07/2017,C. microphthalma,1,GI,Guiwan ,40,s,1,1,7072.917,14.0158,2852.8005,10,1,0.09,0.1082,0.1033,116,175,166,145,140,204,11,30,19,26,10,30,3,10,10,0.001,0.054,0.017,0.021,0.012,1.86,1.153,0.529,3,5,STC.2018.01.25,-88.595,299.65,-109.83,642.75,-2.1816,0.0901,0.4465,0.382,NA,0.678,0.6732,NA,NA,NA,NA,NA,NA,NA,NA,2.881,-17.461,3.726,-17.461,0.4138572,38.9706592,4.0288953,38.9706592,28.34967213,1.07605602,19.06912032,4.17121641
CYPSB2,27/04/2017,C. microphthalma,1,NT,Bitou,10,w,1,1,2613.8318,3.4935,2679.374,10,1,0.0901,0.1128,0.1051,415,365,530,420,445,300,21,8,9,14,17,17,3,10,10,0.005,0.739,0.212,0.234,0.005,0.981,0.393,0.257,3,5,STC.2018.01.25,-88.595,299.65,-109.83,642.75,-2.1816,0.0901,1.371,1.3427,NA,2.1436,2.1775,NA,NA,NA,NA,NA,NA,NA,NA,4.181,-16.227,3.897,-16.483,0.5941621,5.5609643,3.42985,32.19594,21.37372881,0.778337969,19.68947976,3.481554209
CYPSB4,27/04/2017,C. microphthalma,1,NT,Bitou,6,w,1,1,10609.0889,14.3423,6337.4756,10,1,0.0894,0.1148,0.1057,385,240,300,395,365,335,36,37,16,31,20,29,3,10,10,0.002,0.57,0.165,0.178,0.008,1.11,0.572,0.3,3,5,STC.2018.01.25,-88.595,299.65,-109.83,642.75,-2.1816,0.0901,1.4489,1.4209,NA,2.3495,2.3752,NA,NA,NA,NA,NA,NA,NA,NA,5.101,-16.698,4.715,-15.556,0.6090764,4.6752248,3.2658881,24.9065541,21.37372881,0.778337969,26.51688468,2.57150626
CYPSB6,27/04/2017,C. microphthalma,1,NT,Bitou,10,w,1,1,21317.2344,29.1715,6238.5854,10,1,0.0899,0.1103,0.1036,310,245,205,160,185,235,13,26,26,38,26,42,3,10,10,0.001,0.333,0.097,0.109,0.005,0.728,0.318,0.199,3,5,STC.2018.01.25,-88.595,299.65,-109.83,642.75,-2.1816,0.0901,0.9242,0.9389,NA,1.7106,1.7434,NA,NA,NA,NA,NA,NA,NA,NA,4.731,-16.879,4.14,-16.742,0.7926566,7.8498875,3.4309633,30.4473721,21.37372881,0.778337969,19.68947976,3.481554209
CYPSB7,27/04/2017,C. microphthalma,1,NT,Bitou,10,w,1,1,6410.6582,10.4852,2729.6289,11,1,0.0902,0.1118,0.1043,465,390,480,350,430,410,20,26,23,35,25,26,3,10,10,0.002,0.518,0.147,0.158,0.004,1.139,0.657,0.332,3,5,STC.2018.01.25,-88.595,299.65,-109.83,642.75,-2.1816,0.0901,1.1679,1.1698,NA,2.3031,2.3756,NA,NA,NA,NA,NA,NA,NA,NA,5.119,-16.515,3.6,-16.987,0.6820602,7.3491136,3.5581918,32.38945,21.37372881,0.778337969,19.68947976,3.481554209
CYPSB9,27/04/2017,C. microphthalma,1,NT,Bitou,10,w,1,1,12249.7295,18.2007,7684.6699,10,1,0.0887,0.1079,0.1018,250,190,185,270,255,320,8,14,10,20,9,28,3,10,10,0.001,0.312,0.088,0.1,0.004,0.89,0.487,0.251,3,5,STC.2018.01.25,-88.595,299.65,-109.83,642.75,-2.1816,0.0901,0.8357,0.8729,NA,1.6148,1.6584,NA,NA,NA,NA,NA,NA,NA,NA,4.552,-16.721,4.994,-16.375,0.7385075,6.4739293,3.300385,33.6828277,21.37372881,0.778337969,19.68947976,3.481554209
CYPSB11,27/04/2017,C. microphthalma,1,NT,Bitou,10,w,1,1,9475.5391,31.8472,5391.9976,10,1,0.0897,0.1183,0.1076,490,565,410,410,350,385,82,117,32,65,45,59,3,10,10,0.005,0.448,0.134,0.156,0.007,1.364,0.824,0.41,3,5,STC.2018.01.25,-88.595,299.65,-109.83,642.75,-2.1816,0.0901,0.9694,0.9987,NA,NA,1.7901,NA,NA,NA,NA,NA,NA,NA,NA,2.747,-16.452,4.203,-16.225,0.6082128,4.4213376,3.3727038,30.4867756,21.37372881,0.778337969,19.68947976,3.481554209
CYPSBA1,2/10/2017,C. microphthalma,1,NT,Bitou,10,s,1,1,9600.6133,14.4687,5699.2344,10,1,0.0915,0.1104,0.1039,280,245,240,265,220,200,23,29,7,31,14,48,3,10,10,0.001,0.379,0.106,0.126,0.005,1.471,0.785,0.408,3,5,STC.2018.01.25,-88.595,299.65,-109.83,642.75,-2.1816,0.0901,0.8278,0.8301,NA,1.6415,1.6837,NA,NA,NA,NA,NA,NA,NA,NA,5.185,-16.487,4.449,-16.817,0.5824048,5.2979235,4.1538856,33.675231,28.61901639,0.356364537,22.1440168,3.455177367
CYPSBA3,2/10/2017,C. microphthalma,1,NT,Bitou,10,s,1,1,5367.7261,5.647,2232.0425,10,1,0.0905,0.1084,0.1031,260,205,210,315,255,225,19,33,9,41,17,42,3,10,10,0.001,0.292,0.084,0.095,0.006,0.791,0.401,0.237,3,5,STC.2018.01.25,-88.595,299.65,-109.83,642.75,-2.1816,0.0901,0.76,0.7321,NA,1.2753,1.3012,NA,NA,NA,NA,NA,NA,NA,NA,4.936,-15.322,4.652,-15.146,0.543994,4.6878298,4.3151481,34.9154662,28.61901639,0.356364537,22.1440168,3.455177367
CYPSBA5,2/10/2017,C. microphthalma,1,NT,Bitou,10,s,1,1,35541.9961,38.1317,11177.96,10,1,0.0898,0.1087,0.1025,310,345,265,465,455,375,21,48,14,38,23,34,3,10,10,0.005,0.354,0.104,0.118,0.009,1.272,0.484,0.351,3,5,STC.2018.01.25,-88.595,299.65,-109.83,642.75,-2.1816,0.0901,NA,0.9837,NA,1.9113,1.9606,NA,NA,NA,NA,NA,NA,NA,NA,5.51,-14.808,4.564,-14.218,0.3862406,3.4559983,3.8978584,31.2597024,28.61901639,0.356364537,22.1440168,3.455177367
CYPSBA7,2/10/2017,C. microphthalma,1,NT,Bitou,10,s,1,1,18975.7773,30.3606,5503.7646,10,1,0.0893,0.1078,0.1028,104,139,109,101,440,445,19,24,13,27,16,27,3,10,10,0,0.196,0.057,0.065,0.008,0.625,0.251,0.135,3,5,STC.2018.01.25,-88.595,299.65,-109.83,642.75,-2.1816,0.0901,0.6175,0.6275,NA,0.9884,1.0065,NA,NA,NA,NA,NA,NA,NA,NA,5.818,-14.819,4.651,-14.674,0.4762402,4.1905978,3.677729,31.4079892,28.61901639,0.356364537,22.1440168,3.455177367
CYPSBA8,2/10/2017,C. microphthalma,1,NT,Bitou,10,s,1,1,6609.6592,12.8529,3613.4751,10,1,0.0894,0.1085,0.1024,485,460,350,435,445,475,95,54,30,41,25,38,3,10,10,0.001,0.171,0.052,0.073,0.033,0.518,0.258,0.157,3,5,STC.2018.01.25,-88.595,299.65,-109.83,642.75,-2.1816,0.0901,0.8816,0.8756,NA,1.2877,1.3273,NA,NA,NA,NA,NA,NA,NA,NA,2.917,-17.772,4.24,-17.308,0.3372085,3.4451955,2.5346055,22.3875706,28.61901639,0.356364537,22.1440168,3.455177367
ISPSS1,18/07/2017,I. palifera,1,GI,Guiwan ,10,s,1,1,33605.07813,50.9318,9814.505859,10,1,0.0899,0.1102,0.1034,135,170,115,125,165,130,3,6,8,6,6,13,3,10,10,0.002,0.233,0.067,0.074,0.007,0.362,0.214,0.135,2,5,STC.2017.10.30,-15.022,67.482,23.059,707.69,-2.0896,0.1027,1.4364,1.4828,NA,1.4473,1.4203,NA,NA,NA,NA,NA,NA,NA,NA,3.265,-14.161,3.218,-14.399,1.4322528,10.68923,6.98,48.56,28.34967213,1.07605602,44.06271592,4.294457341
ISPSS2,18/07/2017,I. palifera,1,GI,Guiwan ,10,s,1,1,41979.44922,69.2446,22741.92578,10,1,0.0902,0.1107,0.1038,115,145,135,105,135,125,15,11,3,9,6,5,3,10,10,0.003,0.152,0.049,0.056,0.003,0.294,0.136,0.104,2,5,STC.2017.10.30,-15.022,67.482,23.059,707.69,-2.0896,0.1027,1.1646,1.1631,NA,1.3552,1.3336,NA,NA,NA,NA,NA,NA,NA,NA,2.647,-11.647,2.141,-12.203,0.88,10.04,7.06,56.22,28.34967213,1.07605602,44.06271592,4.294457341
ISPSS3,18/07/2017,I. palifera,1,GI,Guiwan ,10,s,1,1,47749.94531,70.2653,15525.01953,10,1,0.089,0.1077,0.1011,110,180,115,170,105,110,9,14,9,18,19,12,3,10,10,0.002,0.151,0.044,0.051,0.005,0.188,0.071,0.062,2,5,STC.2017.10.30,-15.022,67.482,23.059,707.69,-2.0896,0.1027,1.2107,1.295,NA,1.7063,1.6925,NA,NA,NA,NA,NA,NA,NA,NA,3.863,-12.73,2.66,-13.417,1.650289,11.5938491,7.14,48.85,28.34967213,1.07605602,44.06271592,4.294457341
ISPSS4,18/07/2017,I. palifera,1,GI,Guiwan ,10,s,1,1,38221.82813,58.8155,11648.87402,10,1,0.0901,0.109,0.1031,90,130,175,185,105,145,17,13,14,15,10,14,3,10,10,0.002,0.134,0.039,0.042,0.005,0.767,0.446,0.23,2,5,STC.2017.10.30,-15.022,67.482,23.059,707.69,-2.0896,0.1027,1.0039,1.0659,NA,1.1978,1.2007,NA,NA,NA,NA,NA,NA,NA,NA,3.095,-14.322,2.473,-14.969,0.97708,10.3927129,6.42,54.74,28.34967213,1.07605602,44.06271592,4.294457341
ISPSS5,18/07/2017,I. palifera,1,GI,Guiwan ,10,s,1,1,27858.51563,41.375,10319.08301,10,1,0.0909,0.1096,0.1039,130,90,135,125,130,105,20,19,15,23,12,19,3,10,10,0.002,0.115,0.036,0.041,0.004,0.505,0.352,0.171,2,5,STC.2017.10.30,-15.022,67.482,23.059,707.69,-2.0896,0.1027,1.0717,1.141,NA,1.306,1.3121,NA,NA,NA,NA,NA,NA,NA,NA,3.513,-12.683,2.208,-12.662,1.1987201,9.416657,7.19,55.89,28.34967213,1.07605602,44.06271592,4.294457341
ISPSS6,19/07/2017,I. palifera,1,GI,Guiwan ,10,s,1,1,47432.38672,70.1726,15432.29785,10,1,0.0902,0.1096,0.1031,175,165,190,105,110,90,20,15,23,24,22,26,3,10,10,0.002,0.181,0.055,0.063,0.003,0.278,0.134,0.091,2,5,STC.2017.10.30,-15.022,67.482,23.059,707.69,-2.0896,0.1027,1.113,1.2062,NA,1.7112,1.712,NA,NA,NA,NA,NA,NA,NA,NA,2.946,-11.905,2.195,-11.968,0.8457247,10.7146917,6.13,58.58,28.34967213,1.07605602,44.06271592,4.294457341
ISPDS1,20/07/2017,I. palifera,1,GI,Guiwan ,40,s,1,1,62277.09375,96.2542,16934.08398,10,1,0.0908,0.1102,0.104,220,185,185,200,140,200,3,17,8,14,3,16,3,10,10,0.002,0.254,0.073,0.08,0.004,0.25,0.104,0.084,2,5,STC.2017.10.30,-15.022,67.482,23.059,707.69,-2.0896,0.1027,1.0865,1.1355,NA,1.2486,1.2627,NA,NA,NA,NA,NA,NA,NA,NA,3.825,-14.322,3.377,-14.612,1.1024152,8.7836918,3.62,55.24,28.34967213,1.07605602,19.06912032,4.17121641
ISPDS2,20/07/2017,I. palifera,1,GI,Guiwan ,40,s,1,1,34220.375,36.2377,7926.844727,10,1,0.0889,0.1097,0.1017,170,190,165,180,220,165,31,30,27,33,32,34,3,10,10,0.002,0.176,0.059,0.065,0.02,0.449,0.233,0.139,2,5,STC.2017.10.30,-15.022,67.482,23.059,707.69,-2.0896,0.1027,1.3365,1.4116,NA,1.3588,1.367,NA,NA,NA,NA,NA,NA,NA,NA,4.456,-14.505,4.043,-14.076,1.2754858,13.4667526,5.23,64.83,28.34967213,1.07605602,19.06912032,4.17121641
ISPDS3,20/07/2017,I. palifera,1,GI,Guiwan ,40,s,1,1,30074.67773,54.5521,12125.26758,10,1,0.0904,0.1111,0.1043,105,100,130,215,135,110,27,11,12,17,12,14,3,10,10,0.001,0.238,0.068,0.074,0.007,0.784,0.416,0.247,2,5,STC.2017.10.30,-15.022,67.482,23.059,707.69,-2.0896,0.1027,1.0265,1.0831,NA,1.2338,1.2546,NA,NA,NA,NA,NA,NA,NA,NA,4.436,-13.956,3.436,-14.559,0.9979831,8.698686,6.31,57.26,28.34967213,1.07605602,19.06912032,4.17121641
ISPDS4,20/07/2017,I. palifera,1,GI,Guiwan ,40,s,1,1,21456.875,31.473,8310.544922,10,1,0.0911,0.1103,0.1047,130,110,80,110,80,105,26,24,8,23,34,37,3,10,10,0,0.143,0.041,0.045,0.102,1.028,0.63,0.36,2,5,STC.2017.10.30,-15.022,67.482,23.059,707.69,-2.0896,0.1027,0.8278,0.8619,NA,0.8471,0.8566,NA,NA,NA,NA,NA,NA,NA,NA,4.445,-14.609,3.355,-14.991,0.8083928,6.8256242,6.69,54.52,28.34967213,1.07605602,19.06912032,4.17121641
ISPDS5,20/07/2017,I. palifera,1,GI,Guiwan ,40,s,1,1,16592.11719,33.1668,6498.794922,10,1,0.0897,0.1083,0.1028,135,120,155,155,120,125,10,10,2,0,2,5,3,10,10,0.001,0.176,0.053,0.061,0.547,1.381,1.025,0.81,2,5,STC.2017.10.30,-15.022,67.482,23.059,707.69,-2.0896,0.1027,1.0551,1.0824,NA,0.7964,0.8058,NA,NA,NA,NA,NA,NA,NA,NA,3.756,-13.842,3.511,-14.536,1.011727,9.277313,6.45,55,28.34967213,1.07605602,19.06912032,4.17121641
ISPDS6,20/07/2017,I. palifera,1,GI,Guiwan ,40,s,1,1,84571.73438,143.2468,15793.34668,10,1,0.0913,0.1113,0.1042,140,115,145,170,155,135,30,21,16,18,16,24,3,10,10,0.001,0.268,0.078,0.084,0.388,1.345,0.933,0.683,2,5,STC.2017.10.30,-15.022,67.482,23.059,707.69,-2.0896,0.1027,1.3141,1.4036,NA,1.4363,1.4439,NA,NA,NA,NA,NA,NA,NA,NA,4.735,-14.04,3.497,-14.747,0.9646025,8.74949,7.17,56.34,28.34967213,1.07605602,19.06912032,4.17121641
ISPD1,9/2/2017,I. palifera,1,GI,Guiwan ,32,w,1,1,40180.2852,59.6735,16946.4869,10,1,0.0906,0.1107,0.1046,215,180,170,230,210,220,5,4,2,8,7,12,3,10,10,0.001,0.319,0.094,0.1,0.003,0.304,0.126,0.098,2,5,STC.2017.10.24,-40.886,162.15,-71.413,692.12,-3.349,0.1048,1.176,1.164,NA,1.5541,1.5379,NA,NA,NA,NA,NA,NA,NA,NA,4.06,-17.06,1.914,-17.671,0.572594881,3.739359003,7.31,55.53,25.10322581,0.186429381,10.86563051,3.228583778
ISPD3,9/2/2017,I. palifera,1,GI,Guiwan ,32,w,1,1,34804.35938,56.3125,14471.86231,10,1,0.0878,0.0999,0.0954,195,220,160,160,200,160,4,21,8,13,4,7,3,10,10,0,0.385,0.112,0.119,0.002,0.332,0.147,0.103,2,5,STC.2017.10.24,-40.886,162.15,-71.413,692.12,-3.349,0.1048,1.2493,1.2843,NA,1.6069,1.6072,NA,NA,NA,NA,NA,NA,NA,NA,3.105,-15.58,2.305,-16.424,0.9876264,7.7689062,7.33,56.66,25.10322581,0.186429381,10.86563051,3.228583778
ISPD4,9/2/2017,I. palifera,1,GI,Guiwan ,32,w,1,1,26087.91992,41.174,8509.538086,10,1,0.0895,0.1037,0.0976,250,275,300,240,215,325,24,15,19,11,23,28,3,10,10,0,0.545,0.16,0.163,0.005,0.266,0.105,0.097,2,5,STC.2017.10.24,-40.886,162.15,-71.413,692.12,-3.349,0.1048,1.3501,1.2897,NA,2.2215,2.2388,NA,NA,NA,NA,NA,NA,NA,NA,2.942,-16.798,3.064,-17.877,0.8824598,6.5156285,7.29,55.99,25.10322581,0.186429381,10.86563051,3.228583778
ISPD5,10/2/2017,I. palifera,1,GI,Guiwan ,32,w,1,1,9097.894531,13.4048,6098.307129,10,1,0.0888,0.1008,0.0964,135,155,155,120,185,155,4,11,15,17,11,15,3,10,10,-0.001,0.392,0.108,0.116,0.009,0.389,0.179,0.127,2,5,STC.2017.10.24,-40.886,162.15,-71.413,692.12,-3.349,0.1048,1.8481,1.8312,NA,1.3569,1.3923,NA,NA,NA,NA,NA,NA,NA,NA,3.091,-15.019,2.907,-16.508,0.9152403,6.422951,7.85,55.09,25.10322581,0.186429381,10.86563051,3.228583778
ISPD6,10/2/2017,I. palifera,1,GI,Guiwan ,32,w,1,1,49692.02734,84.8843,12039.73145,10,1,0.0904,0.1026,0.098,205,225,235,255,280,195,21,6,8,4,2,5,3,10,10,0,0.389,0.119,0.13,0.007,0.497,0.295,0.171,2,5,STC.2017.10.24,-40.886,162.15,-71.413,692.12,-3.349,0.1048,1.5726,1.5728,NA,1.4027,1.4209,NA,NA,NA,NA,NA,NA,NA,NA,3.186,-14.936,3.763,-16.429,0.8719977,8.3781242,8.15,55.15,25.10322581,0.186429381,10.86563051,3.228583778
ISPD7,12/2/2017,I. palifera,1,GI,Guiwan ,40,w,1,1,13685.83496,19.0701,4962.833496,10,1,0.0918,0.1044,0.0999,230,215,130,185,200,190,32,9,7,9,10,12,3,10,10,0,0.29,0.089,0.093,0.011,0.548,0.317,0.188,2,5,STC.2017.10.24,-40.886,162.15,-71.413,692.12,-3.349,0.1048,1.0848,1.1151,NA,1.0939,1.1133,NA,NA,NA,NA,NA,NA,NA,NA,3.422,-16.206,2.852,-17.287,0.9772954,6.7130973,7.79,53.85,25.10322581,0.186429381,8.22187065,2.703807284
ISPS1,8/2/2017,I. palifera,1,GI,Guiwan ,10,w,1,1,49223.0781,78.3822,14740.5293,10,1,0.0904,0.1022,0.0977,165,155,185,195,175,125,18,16,25,21,20,15,3,10,10,-0.001,0.234,0.072,0.075,0.007,0.784,0.464,0.272,2,5,STC.2017.10.24,-40.886,162.15,-71.413,692.12,-3.349,0.1048,1.2255,1.2193,NA,1.4672,1.4746,NA,NA,NA,NA,NA,NA,NA,NA,2.399,-12.817,3.332,-14.117,0.8101669,8.9033528,7.84,55.78,25.10322581,0.186429381,23.55455652,5.33163119
ISPS2,8/2/2017,I. palifera,1,GI,Guiwan ,10,w,1,1,18762.57031,27.2807,6502.025391,10,1,0.0915,0.1068,0.1007,245,220,195,230,210,220,25,23,19,41,20,19,3,10,10,0,0.299,0.086,0.088,0.011,0.778,0.475,0.274,2,5,STC.2017.10.24,-40.886,162.15,-71.413,692.12,-3.349,0.1048,1.4994,1.4409,NA,1.3264,1.3325,NA,NA,NA,NA,NA,NA,NA,NA,2.764,-16.95,3.102,-18.149,1.0964264,6.9477311,7.62,52.03,25.10322581,0.186429381,23.55455652,5.33163119
ISPS3,8/2/2017,I. palifera,1,GI,Guiwan ,10,w,1,1,25679.16992,44.5646,6496.080078,10,1,0.0903,0.1077,0.1001,185,180,225,160,190,200,79,70,80,68,62,69,3,10,10,-0.001,0.393,0.116,0.12,0.012,0.765,0.48,0.286,2,5,STC.2017.10.24,-40.886,162.15,-71.413,692.12,-3.349,0.1048,1.9339,1.8433,NA,2.1304,2.1222,NA,NA,NA,NA,NA,NA,NA,NA,3.155,-13.467,3.506,-13.824,0.9032339,7.3238222,7.34,53.47,25.10322581,0.186429381,23.55455652,5.33163119
ISPS4,8/2/2017,I. palifera,1,GI,Guiwan ,10,w,1,1,70512.35938,108.3958,16586.8418,10,1,0.0909,0.1069,0.1003,215,255,220,175,240,220,48,50,22,32,36,29,3,10,10,0,0.481,0.137,0.142,0.007,0.783,0.438,0.255,2,5,STC.2017.10.24,-40.886,162.15,-71.413,692.12,-3.349,0.1048,1.433,1.4372,NA,2.0297,2.0175,NA,NA,NA,NA,NA,NA,NA,NA,3.578,-12.891,3.336,-14.045,1.2763151,10.2362162,7.46,52.04,25.10322581,0.186429381,23.55455652,5.33163119
ISPS5,8/2/2017,I. palifera,1,GI,Guiwan ,10,w,1,1,9255.31543,13.8518,5762.592773,11.2,1,0.0907,0.1041,0.0991,240,215,165,180,265,195,23,33,17,30,23,19,3,10,10,0,0.255,0.078,0.083,0.006,1.155,0.626,0.328,2,5,STC.2017.10.24,-40.886,162.15,-71.413,692.12,-3.349,0.1048,1.3005,1.1287,NA,1.4244,1.4296,NA,NA,NA,NA,NA,NA,NA,NA,3.214,-13.8,3.11,-14.417,0.7447818,5.6998335,6.76,52.3,25.10322581,0.186429381,23.55455652,5.33163119
ISPS6,14/02/2017,I. palifera,1,GI,Guiwan ,10,w,1,1,11903.8916,18.6291,6384.852051,10,1,0.0907,0.1059,0.0998,215,245,210,220,225,200,15,23,24,31,22,21,3,10,10,-0.001,0.458,0.13,0.134,0.015,0.566,0.304,0.195,2,5,STC.2017.10.24,-40.886,162.15,-71.413,692.12,-3.349,0.1048,1.7237,1.5628,NA,1.7929,1.8123,NA,NA,NA,NA,NA,NA,NA,NA,3.111,-13.373,2.432,-14.323,0.6356938,4.8988501,7.38,56.29,25.10322581,0.186429381,23.55455652,5.33163119
PAPS1,8/2/2017,P. speciosa,1,GI,Guiwan ,10,w,1,1,10658.626,14.7918,6309.5562,10,1,0.0895,0.11,0.1031,145,210,205,185,145,155,29,27,19,27,24,23,3,10,10,-0.001,0.365,0.101,0.109,0.005,0.777,0.391,0.222,3,5,STC.2017.12.14a,-55.783,201.46,-78.574,801.69,0.5624,0.0829,0.9469,0.8589,NA,1.3049,1.3188,NA,NA,NA,NA,NA,NA,NA,NA,0.019,-17.02,2.492,-16.781,0.4769908,3.3299954,6.49358,47.6350107,25.10322581,0.186429381,23.55455652,5.33163119
PAPS2,8/2/2017,P. speciosa,1,GI,Guiwan ,10,w,1,1,4532.2661,4.9713,5189.2939,10,1,0.0904,0.11,0.1047,101,113,86,110,105,95,12,19,10,14,9,12,3,10,10,-0.001,0.256,0.071,0.077,0.002,0.571,0.276,0.156,3,5,STC.2017.12.14a,-55.783,201.46,-78.574,801.69,0.5624,0.0829,0.6708,0.6387,NA,0.6977,0.713,NA,NA,NA,NA,NA,NA,NA,NA,NA,-19.693,NA,NA,NA,2.3768365,NA,NA,25.10322581,0.186429381,23.55455652,5.33163119
PAPS4,9/2/2017,P. speciosa,1,GI,Guiwan ,10,w,1,1,3054.0232,4.7085,3803.6978,10,1,0.09,0.1076,0.1029,92,71,103,65,91,76,16,21,12,17,12,13,3,10,10,-0.001,0.216,0.058,0.065,-0.002,0.246,0.108,0.069,3,5,STC.2017.12.14a,-55.783,201.46,-78.574,801.69,0.5624,0.0829,0.6206,0.5951,NA,0.6999,0.7014,NA,NA,NA,NA,NA,NA,NA,NA,2.676,-18.483,2.993,-18.238,0.3464114,2.8071895,6.4867444,48.9442205,25.10322581,0.186429381,23.55455652,5.33163119
PAPS5,9/2/2017,P. speciosa,1,GI,Guiwan ,10,w,1,1,3964.105225,5.4825,6519.035645,10,1,0.0904,0.11,0.1033,180,245,215,345,305,210,11,25,21,27,34,18,3,10,10,0.002,0.431,0.125,0.134,-0.001,0.493,0.188,0.126,3,5,STC.2017.12.14a,-55.783,201.46,-78.574,801.69,0.5624,0.0829,1.3128,1.3124,NA,1.2938,1.3349,NA,NA,NA,NA,NA,NA,NA,NA,1.544,-17.312,3.219,-17.141,0.7519701,5.4515205,6.3494844,47.8361863,25.10322581,0.186429381,23.55455652,5.33163119
PAPS9,14/02/2017,P. speciosa,1,GI,Guiwan ,10,w,1,1,5965.083984,10.5423,10730.26563,10,1,0.0905,0.1084,0.103,155,185,230,185,245,195,12,19,18,25,26,27,3,10,10,0,0.313,0.092,0.097,0.003,1.192,0.692,0.34,3,5,STC.2017.12.14a,-55.783,201.46,-78.574,801.69,0.5624,0.0829,0.804,0.8024,NA,0.8943,0.9078,NA,NA,NA,NA,NA,NA,NA,NA,0.209,-17.71,3.153,-17.754,0.8524906,6.3078409,6.1545096,45.072074,25.10322581,0.186429381,23.55455652,5.33163119
PAPD1,7/2/2017,P. speciosa,1,GI,Guiwan ,40,w,1,1,1198.848511,2.5909,2533.926758,10,1,0.0892,0.1085,0.1028,131,150,160,145,125,145,28,40,21,34,22,30,3,10,10,0,0.264,0.077,0.084,0,0.105,0.036,0.034,3,5,STC.2017.12.14a,-55.783,201.46,-78.574,801.69,0.5624,0.0829,0.7767,0.7772,NA,0.9594,0.9808,NA,NA,NA,NA,NA,NA,NA,NA,0.415,-18.565,3.979,-17.757,0.612228,4.4749379,5.7760113,44.0113713,25.10322581,0.186429381,8.22187065,2.703807284
PAPD3,7/2/2017,P. speciosa,1,GI,Guiwan ,40,w,1,1,3464.395264,6.8337,5949.522949,10,1,0.0903,0.1103,0.1041,200,220,190,195,245,175,21,40,26,43,34,40,3,10,10,0.003,0.579,0.161,0.181,0.003,0.323,0.108,0.099,3,5,STC.2017.12.14a,-55.783,201.46,-78.574,801.69,0.5624,0.0829,0.8943,0.9042,NA,1.4685,1.4914,NA,NA,NA,NA,NA,NA,NA,NA,NA,-17.224,3.599,-16.451,NA,2.96043,5.7349731,46.0595553,25.10322581,0.186429381,8.22187065,2.703807284
PAPD4,8/2/2017,P. speciosa,1,GI,Guiwan ,40,w,1,1,5725.521973,10.6849,8776.837891,10,1,0.0897,0.1096,0.1027,230,270,215,330,240,215,24,51,34,31,30,43,3,10,10,0.001,0.358,0.109,0.115,0.003,0.462,0.138,0.124,3,5,STC.2017.12.14a,-55.783,201.46,-78.574,801.69,0.5624,0.0829,1.1058,1.0714,NA,1.6432,1.6612,NA,NA,NA,NA,NA,NA,NA,NA,0.122,-16.935,3.94,-17.457,0.5963581,4.5872232,5.9521539,45.4144942,25.10322581,0.186429381,8.22187065,2.703807284
PAPD5,8/2/2017,P. speciosa,1,GI,Guiwan ,40,w,1,1,10842.15723,22.1452,9634.841797,10,1,0.0896,0.1094,0.103,260,255,235,230,240,205,16,45,29,34,16,29,3,10,10,0.001,0.417,0.12,0.129,-0.001,0.185,0.053,0.051,3,5,STC.2017.12.14a,-55.783,201.46,-78.574,801.69,0.5624,0.0829,1.0656,1.0595,NA,NA,1.5849,NA,NA,NA,NA,NA,NA,NA,NA,-1.782,-17.692,3.853,-16.929,0.5629084,4.0418593,5.8759872,45.5245116,25.10322581,0.186429381,8.22187065,2.703807284
PAPD6,8/2/2017,P. speciosa,1,GI,Guiwan ,40,w,1,1,5541.703125,8.3661,11432.33203,10,1,0.0894,0.1083,0.1022,250,235,190,300,240,295,22,31,16,26,27,33,3,10,10,0.001,0.48,0.134,0.147,-0.002,0.113,0.034,0.034,3,5,STC.2017.12.14a,-55.783,201.46,-78.574,801.69,0.5624,0.0829,0.9956,0.9884,NA,1.2444,1.2951,NA,NA,NA,NA,NA,NA,NA,NA,-0.918,-18.502,3.715,-17.58,0.8145069,6.1873451,6.1215368,46.4337772,25.10322581,0.186429381,8.22187065,2.703807284
PAPD7,8/2/2017,P. speciosa,1,GI,Guiwan ,40,w,1,1,1448.67627,2.3192,2315.841797,10,1,0.0885,0.109,0.1017,215,225,225,315,225,245,36,43,26,27,29,26,3,10,10,0,0.404,0.116,0.126,-0.002,0.075,0.024,0.021,3,5,STC.2017.12.14a,-55.783,201.46,-78.574,801.69,0.5624,0.0829,0.9434,1.0303,NA,1.4487,1.5179,NA,NA,NA,NA,NA,NA,NA,NA,-5.024,-18.412,4.265,-16.981,0.7965632,5.2274206,5.9317619,45.2392151,25.10322581,0.186429381,8.22187065,2.703807284
PAPSS3,20/07/2017,P. speciosa,1,GI,Guiwan ,15,s,1,1,8405.505859,16.8527,6165.071777,10,1,0.0894,0.1069,0.1014,130,120,125,151,115,155,13,14,9,19,14,12,3,10,10,0.001,0.054,0.016,0.02,0.003,1.121,0.649,0.325,3,5,STC.2017.12.14a,-55.783,201.46,-78.574,801.69,0.5624,0.0829,0.7723,0.7706,NA,1.0652,1.0974,NA,NA,NA,NA,NA,NA,NA,NA,1.102,-18.584,3.041,-16.398,0.814844,5.7932899,5.7783552,44.5093803,28.34967213,1.07605602,38.28045074,4.483253768
PAPSS4,21/07/2017,P. speciosa,1,GI,Guiwan ,10,s,1,1,4458.709961,5.8235,3591.518311,10,1,0.0908,0.1099,0.1035,245,245,220,240,220,190,22,21,15,28,24,28,3,10,10,0,0.202,0.056,0.067,0.003,0.614,0.293,0.181,3,5,STC.2017.12.14a,-55.783,201.46,-78.574,801.69,0.5624,0.0829,0.9566,0.9367,NA,1.3213,1.3812,NA,NA,NA,NA,NA,NA,NA,NA,-1.669,-16.741,2.531,-15.743,0.8108261,5.4458628,5.2427954,41.6276847,28.34967213,1.07605602,44.06271592,4.294457341
PAPSS5,21/07/2017,P. speciosa,1,GI,Guiwan ,10,s,1,1,11861.6084,16.6811,7356.744629,10,1,0.091,0.1103,0.104,145,230,100,134,125,150,11,27,10,20,11,13,3,10,10,0,0.354,0.098,0.112,0.009,1.078,0.534,0.335,3,5,STC.2017.12.14a,-55.783,201.46,-78.574,801.69,0.5624,0.0829,0.733,0.7132,NA,1.5684,1.6263,NA,NA,NA,NA,NA,NA,NA,NA,-3.654,-19.136,2.601,-16.253,0.4869299,3.309849,5.4035943,44.8459226,28.34967213,1.07605602,44.06271592,4.294457341
PAPSS6,21/07/2017,P. speciosa,1,GI,Guiwan ,10,s,1,1,45138.58984,53.7956,17142.31445,10,1,0.0888,0.1087,0.1021,210,140,185,160,210,210,11,21,16,15,19,32,3,10,10,-0.001,0.143,0.039,0.048,0.008,1.016,0.422,0.266,3,5,STC.2017.12.14a,-55.783,201.46,-78.574,801.69,0.5624,0.0829,0.8721,0.8769,NA,1.473,1.5379,NA,NA,NA,NA,NA,NA,NA,NA,-0.233,-16.74,2.408,-15.361,0.976137,7.7700049,4.2042893,37.3801972,28.34967213,1.07605602,44.06271592,4.294457341
PAPSS7,21/07/2017,P. speciosa,1,GI,Guiwan ,10,s,1,1,21621.49023,21.6058,18543.73047,10,1,0.0899,0.1096,0.1029,215,225,165,170,195,210,25,44,37,32,20,47,3,10,10,0.001,0.223,0.065,0.074,0.001,0.373,0.111,0.103,3,5,STC.2017.12.14a,-55.783,201.46,-78.574,801.69,0.5624,0.0829,0.7788,0.8046,NA,1.5754,1.6444,NA,NA,NA,NA,NA,NA,NA,NA,0.862,-16.666,2.814,-16.512,0.7809898,7.0822771,6.490972,48.3597326,28.34967213,1.07605602,44.06271592,4.294457341
PAPSB1,27/04/2017,P. speciosa,1,NT,Bitou,10,w,1,1,4626.043945,6.3682,6546.075195,10.5,1,0.0901,0.1133,0.1052,265,335,300,355,300,310,20,27,14,25,16,29,3,10,10,0.006,0.148,0.048,0.059,0.004,0.355,0.104,0.103,3,5,STC.2017.12.14b,0.9116,-0.5523,133.23,705.22,3.9129,0.08995,1.3759,1.438,NA,1.5304,1.5407,NA,NA,NA,NA,NA,NA,NA,NA,2.171,-18.373,5.271,-16.966,0.8368164,6.8491999,5.23225,41.574364,21.37372881,0.778337969,19.68947976,3.481554209
PAPSL3,19/05/2017,P. speciosa,1,NT,Longdong,10,w,1,1,10331.06641,12.7797,13866.73438,10,1,0.0913,0.1176,0.1071,400,430,400,565,460,695,35,43,25,44,30,58,3,10,10,0.005,0.504,0.145,0.167,0.004,0.384,0.117,0.126,3,5,STC.2017.12.14b,0.9116,-0.5523,133.23,705.22,3.9129,0.08995,1.5332,1.5144,NA,2.3184,2.4107,NA,NA,NA,NA,NA,NA,NA,NA,-0.611,-17.857,4.579,-17.058,0.8131963,6.4690561,4.838191,41.3456589,21.87770492,1.255479183,19.6115858,2.265553252
PAPSL5,19/05/2017,P. speciosa,1,NT,Longdong,10,w,1,1,3941.791504,7.2335,8396.734375,10,1,0.0907,0.1111,0.1052,195,140,145,130,215,170,11,18,12,13,14,16,3,10,10,0.005,0.809,0.227,0.258,0.002,0.174,0.065,0.057,3,5,STC.2017.12.14b,0.9116,-0.5523,133.23,705.22,3.9129,0.08995,0.863,0.8675,NA,1.1291,1.1859,NA,NA,NA,NA,NA,NA,NA,NA,-1.878,-22.672,4.188,-20.303,0.5312333,3.4813603,5.0821558,37.7201834,21.87770492,1.255479183,19.6115858,2.265553252
PAPSL6,19/05/2017,P. speciosa,1,NT,Longdong,10,w,1,1,5245.474121,9.0295,11057.20215,10,1,0.0892,0.1086,0.1021,255,210,210,305,260,220,56,44,45,41,43,41,3,10,10,0.003,0.42,0.118,0.131,0.001,0.1,0.031,0.033,3,5,STC.2017.12.14b,0.9116,-0.5523,133.23,705.22,3.9129,0.08995,0.8568,0.8506,NA,1.5111,1.5637,NA,NA,NA,NA,NA,NA,NA,NA,-3.294,-17.759,5.309,-15.625,0.7693026,4.6429187,4.9459866,35.7558387,21.87770492,1.255479183,19.6115858,2.265553252
PAPSL7,19/05/2017,P. speciosa,1,NT,Longdong,10,w,1,1,720.762878,1.2138,2059.047607,10,1,0.0893,0.1088,0.1024,325,240,225,155,280,320,17,23,22,16,13,13,3,10,10,0.004,0.423,0.122,0.14,0.002,0.154,0.052,0.052,3,5,STC.2017.12.14b,0.9116,-0.5523,133.23,705.22,3.9129,0.08995,0.7161,0.7548,NA,1.0731,1.1085,NA,NA,NA,NA,NA,NA,NA,NA,-0.742,-20.225,4.226,-18.49,0.5641589,3.5759835,5.2083002,42.6061543,21.87770492,1.255479183,19.6115858,2.265553252
PAPSL8,19/05/2017,P. speciosa,1,NT,Longdong,10,w,1,1,3056.695313,5.107,4679.812012,10,1,0.0888,0.1135,0.1043,360,300,250,360,265,260,24,23,29,31,28,23,3,10,10,0.003,0.453,0.128,0.145,0.002,0.323,0.091,0.101,3,5,STC.2017.12.14b,0.9116,-0.5523,133.23,705.22,3.9129,0.08995,1.4427,1.454,NA,1.8712,1.892,NA,NA,NA,NA,NA,NA,NA,NA,-1.089,-17.47,4.725,-16.143,0.6166258,4.9263566,5.5249521,43.1814638,21.87770492,1.255479183,19.6115858,2.265553252
PAPSLA2,17/11/2017,P. speciosa,1,NT,Longdong,10,s,1,1,5593.411621,7.6404,11303.46582,10,1,0.0908,0.1134,0.1056,150,160,140,150,100,155,34,50,36,46,48,36,3,10,10,0.004,0.698,0.196,0.222,0.008,0.699,0.334,0.201,3,5,STC.2017.12.14b,0.9116,-0.5523,133.23,705.22,3.9129,0.08995,0.7377,0.738,NA,1.3534,1.3212,NA,NA,NA,NA,NA,NA,NA,NA,0.667,-19.002,4.35,-18.19,0.7544986,5.5342286,5.1621968,35.5616061,27.54295082,1.263945337,20.80831681,2.063311939
PAPSLA3,17/11/2017,P. speciosa,1,NT,Longdong,10,s,1,1,11680.96582,17.851,15930.90723,10,1,0.0899,0.1198,0.1082,275,265,230,260,250,230,33,31,31,38,28,31,3,10,10,0.003,0.335,0.096,0.104,0.007,0.443,0.148,0.141,3,5,STC.2017.12.14b,0.9116,-0.5523,133.23,705.22,3.9129,0.08995,1.2498,1.2217,NA,1.9363,2.0589,NA,NA,NA,NA,NA,NA,NA,NA,-2.804,-16.598,4.76,-15.867,0.8546582,5.2803169,5.8827168,43.2730116,27.54295082,1.263945337,20.80831681,2.063311939
PAPSLA4,17/11/2017,P. speciosa,1,NT,Longdong,10,s,1,1,6214.23877,10.0728,7708.711914,10,1,0.0913,0.114,0.1063,165,135,260,235,225,245,34,42,46,41,34,58,3,10,10,0.004,0.473,0.133,0.148,0.003,0.228,0.07,0.069,3,5,STC.2017.12.14b,0.9116,-0.5523,133.23,705.22,3.9129,0.08995,1.8128,1.8464,NA,1.6438,1.7274,NA,NA,NA,NA,NA,NA,NA,NA,-5.961,-17.029,4.756,-16.773,0.8797794,5.0522327,5.678229,39.1747,27.54295082,1.263945337,20.80831681,2.063311939
PAPSLA5,17/11/2017,P. speciosa,1,NT,Longdong,10,s,1,1,7317.916016,12.0018,10869.06152,10,1,0.0916,0.1183,0.1085,215,110,200,210,230,160,40,37,48,48,33,42,3,10,10,0.005,0.621,0.178,0.193,0.006,0.39,0.123,0.115,3,5,STC.2017.12.14b,0.9116,-0.5523,133.23,705.22,3.9129,0.08995,1.6833,1.726,NA,1.9122,2.0539,NA,NA,NA,NA,NA,NA,NA,NA,0.501,-18.078,4.009,-17.507,1.2405579,7.5411763,7.0177204,40.9433226,27.54295082,1.263945337,20.80831681,2.063311939
PAPSLA7,17/11/2017,P. speciosa,1,NT,Longdong,10,s,1,1,18653.89063,23.1806,11602.62793,10,1,0.0906,0.1135,0.1049,315,235,325,340,300,305,93,104,46,69,52,61,3,10,10,0.005,0.578,0.167,0.181,0.004,0.333,0.117,0.1,3,5,STC.2017.12.14b,0.9116,-0.5523,133.23,705.22,3.9129,0.08995,1.169,1.1689,NA,1.4687,1.5903,NA,NA,NA,NA,NA,NA,NA,NA,-0.248,-16.26,5.079,-15.093,0.6100877,4.5276486,4.7078129,35.7974834,27.54295082,1.263945337,20.80831681,2.063311939
PAPSLA8,17/11/2017,P. speciosa,1,NT,Longdong,10,s,1,1,8284.099609,12.1079,10027.58008,10,1,0.0912,0.116,0.106,260,245,230,240,190,330,28,34,37,44,30,47,3,10,10,0.005,0.589,0.163,0.178,0.01,1.462,0.863,0.436,3,5,STC.2017.12.14b,0.9116,-0.5523,133.23,705.22,3.9129,0.08995,1.8956,1.8835,NA,1.9905,2.0867,NA,NA,NA,NA,NA,NA,NA,NA,-2.804,-16.598,5.067,-15.929,0.8546582,5.2803169,4.9222997,35.3160318,27.54295082,1.263945337,20.80831681,2.063311939
PAPDS1,18/07/2017,P. speciosa,1,GI,Guiwan ,40,s,1,1,9388.787109,18.7819,11787.86133,10,1,0.0895,0.1092,0.1024,235,190,210,200,245,210,17,18,21,27,10,31,3,10,10,0.004,0.288,0.086,0.099,0.003,0.203,0.06,0.061,3,5,STC.2017.12.14b,0.9116,-0.5523,133.23,705.22,3.9129,0.08995,0.7994,0.7371,NA,1.3962,1.3973,NA,NA,NA,NA,NA,NA,NA,NA,-0.648,-16.584,3.823,-16.221,1.0089982,7.6728417,6.5608229,45.4482182,28.34967213,1.07605602,19.06912032,4.17121641
PAPDS2,18/07/2017,P. speciosa,1,GI,Guiwan ,40,s,1,1,7975.228027,13.5728,9972.927734,10,1,0.0902,0.1126,0.1047,285,235,320,240,175,345,24,25,30,32,19,51,3,10,10,0.003,0.246,0.071,0.087,0.004,0.178,0.057,0.059,3,5,STC.2017.12.14b,0.9116,-0.5523,133.23,705.22,3.9129,0.08995,0.972,0.9088,NA,1.6411,1.655,NA,NA,NA,NA,NA,NA,NA,NA,5.451,-17.431,4.209,-15.827,0.9745591,6.8827553,5.7088072,44.7516243,28.34967213,1.07605602,19.06912032,4.17121641
PAPDS3,18/07/2017,P. speciosa,1,GI,Guiwan ,40,s,1,1,5896.878418,11.1225,6071.804199,10,1,0.0914,0.1097,0.1038,100,130,145,125,120,120,21,24,22,28,18,22,3,10,10,0.003,0.184,0.056,0.068,0.001,0.034,0.011,0.013,3,5,STC.2017.12.14b,0.9116,-0.5523,133.23,705.22,3.9129,0.08995,0.6307,0.6085,NA,1.172,1.1785,NA,NA,NA,NA,NA,NA,NA,NA,-0.58,-16.025,3.979,-15.939,0.9048139,8.2987022,5.7458414,44.1572877,28.34967213,1.07605602,19.06912032,4.17121641
PAPDS4,18/07/2017,P. speciosa,1,GI,Guiwan ,40,s,1,1,10302.40234,20.6792,9825.290039,10,1,0.0904,0.1104,0.1034,190,180,180,200,175,230,12,17,33,28,18,17,3,10,10,0.002,0.086,0.028,0.035,0.005,0.233,0.074,0.072,3,5,STC.2017.12.14b,0.9116,-0.5523,133.23,705.22,3.9129,0.08995,0.9807,0.9453,NA,1.5185,1.5735,NA,NA,NA,NA,NA,NA,NA,NA,3.332,-15.582,3.972,-14.41,0.4116731,2.7958189,5.3798485,47.0041573,28.34967213,1.07605602,19.06912032,4.17121641
PAPDS5,18/07/2017,P. speciosa,1,GI,Guiwan ,40,s,1,1,8593.835938,14.9684,9549.938477,10,1,0.0904,0.1104,0.1035,210,285,255,235,225,220,61,64,59,66,46,70,3,10,10,0.004,0.196,0.06,0.073,0.007,0.532,0.24,0.149,3,5,STC.2017.12.14b,0.9116,-0.5523,133.23,705.22,3.9129,0.08995,1.1261,1.1056,NA,1.5501,1.5577,NA,NA,NA,NA,NA,NA,NA,NA,-0.582,-17.882,3.436,-16.852,1.0417456,8.1036689,5.6917244,45.284331,28.34967213,1.07605602,19.06912032,4.17121641
PAPDS6,18/07/2017,P. speciosa,1,GI,Guiwan ,40,s,1,1,5554.548828,10.1156,6125.658691,10,1,0.0908,0.1128,0.1049,130,95,115,100,140,140,14,20,15,17,16,17,3,10,10,0.004,0.315,0.093,0.11,0.005,0.229,0.078,0.08,3,5,STC.2017.12.14b,0.9116,-0.5523,133.23,705.22,3.9129,0.08995,1.2844,1.2388,NA,2.208,2.1637,NA,NA,NA,NA,NA,NA,NA,NA,0.203,-16.781,3.941,-14.89,1.0990202,7.4009564,5.0034229,42.2111116,28.34967213,1.07605602,19.06912032,4.17121641
POPDS1,18/07/2017,P. lutea,1,GI,Guiwan ,40,s,1,1,69542.95313,70.1103,16677.25586,10.5,1,0.0898,0.1151,0.1064,105,130,140,140,150,160,25,28,20,15,45,30,3,10,10,0.011,0.12,0.046,0.053,0.007,0.364,0.211,0.175,3,5,STC.2017.10.29,-38.322,125.28,-7.6627,772.15,-0.5188,0.0903,0.7997,0.749,NA,0.8044,0.8397,NA,NA,NA,NA,NA,NA,NA,NA,4.536,-17.206,3.934,-15.607,0.3960735,3.0329586,5.3796598,38.0518228,28.34967213,1.07605602,19.06912032,4.17121641
POPDS2,18/07/2017,P. lutea,1,GI,Guiwan ,40,s,1,1,30743.22266,36.7309,9722.269531,10.5,1,0.091,0.1147,0.1071,95,180,165,145,155,125,14,25,17,27,15,14,3,10,10,-0.001,0.111,0.033,0.036,0.009,0.1,0.061,0.057,3,5,STC.2017.10.29,-38.322,125.28,-7.6627,772.15,-0.5188,0.0903,1.1541,1.0611,NA,0.7717,0.7999,NA,NA,NA,NA,NA,NA,NA,NA,4.259,-16.66,3.627,-16.817,0.89,6.34,7.4,46.0652495,28.34967213,1.07605602,19.06912032,4.17121641
POPDS3,18/07/2017,P. lutea,1,GI,Guiwan ,40,s,1,1,57768.26172,74.6801,10080.21484,10,1,0.0913,0.1143,0.1071,160,150,165,125,130,135,55,59,37,50,34,59,3,10,10,-0.001,0.272,0.076,0.081,0.009,0.135,0.084,0.065,3,5,STC.2017.10.29,-38.322,125.28,-7.6627,772.15,-0.5188,0.0903,1.4342,1.63,NA,1.0639,1.0953,NA,NA,NA,NA,NA,NA,NA,NA,4.654,-16.339,4.509,-17.462,0.95,7.21,7.03,45.7298452,28.34967213,1.07605602,19.06912032,4.17121641
POPDS4,19/07/2017,P. lutea,1,GI,Guiwan ,40,s,1,1,102419.5313,138.5308,16710.32617,11,1,0.091,0.1098,0.1047,66,80,75,75,71,78,21,34,24,40,22,35,3,10,10,-0.001,0.046,0.014,0.016,0.004,0.414,0.18,0.142,3,5,STC.2017.10.29,-38.322,125.28,-7.6627,772.15,-0.5188,0.0903,0.9048,0.9516,NA,0.7354,0.7385,NA,NA,NA,NA,NA,NA,NA,NA,4,-15.144,3.901,-13.392,0.3202558,2.3294282,7.03,49.8,28.34967213,1.07605602,19.06912032,4.17121641
POPDS5,19/07/2017,P. lutea,1,GI,Guiwan ,40,s,1,1,89757.88281,122.5171,16105.60254,11,1,0.091,0.1142,0.106,105,145,155,95,100,115,50,51,39,44,38,56,3,10,10,-0.001,0.177,0.053,0.058,0.008,0.175,0.123,0.111,3,5,STC.2017.10.29,-38.322,125.28,-7.6627,772.15,-0.5188,0.0903,1.1608,1.1818,NA,1.3162,1.3763,NA,NA,NA,NA,NA,NA,NA,NA,3.272,-15.38,3.443,-15.49,0.71,4.77,6.76,43.95,28.34967213,1.07605602,19.06912032,4.17121641
POPDS6,19/07/2017,P. lutea,1,GI,Guiwan ,40,s,1,1,66334.58594,86.6186,12397.43945,10.5,1,0.0905,0.1121,0.106,134,121,133,146,141,132,29,34,20,39,32,36,3,10,10,0,0.19,0.056,0.063,0.006,0.651,0.34,0.213,3,5,STC.2017.10.29,-38.322,125.28,-7.6627,772.15,-0.5188,0.0903,0.7896,0.8185,NA,0.9475,0.9795,NA,NA,NA,NA,NA,NA,NA,NA,3.683,-16.122,NA,-16.152,0.9,5.64,NA,44.81,28.34967213,1.07605602,19.06912032,4.17121641
POPSS1,18/07/2017,P. lutea,1,GI,Guiwan ,10,s,1,1,50055.63672,71.7233,11148.0625,10,1,0.0906,0.1151,0.1074,125,190,160,180,165,200,53,41,29,41,38,56,3,10,10,-0.001,0.135,0.039,0.043,0.007,0.256,0.146,0.142,3,5,STC.2017.10.29,-38.322,125.28,-7.6627,772.15,-0.5188,0.0903,1.2997,1.2494,NA,1.2108,1.2453,NA,NA,NA,NA,NA,NA,NA,NA,4.146,-13.17,NA,-15.342,0.86,6.1,NA,46.03,28.34967213,1.07605602,44.06271592,4.294457341
POPSS2,18/07/2017,P. lutea,1,GI,Guiwan ,10,s,1,1,37539.01172,53.2286,8099.898926,10,1,0.0898,0.1142,0.1059,215,190,300,215,220,200,148,130,130,132,106,149,3,10,10,0,0.109,0.032,0.035,0.014,0.159,0.105,0.109,3,5,STC.2017.10.29,-38.322,125.28,-7.6627,772.15,-0.5188,0.0903,2.0584,2.0491,NA,1.5821,1.6006,NA,NA,NA,NA,NA,NA,NA,NA,3.465,-13.414,3.522,-13.697,7.6678623,53.9029729,6.77,48.59,28.34967213,1.07605602,44.06271592,4.294457341
POPSS3,18/07/2017,P. lutea,1,GI,Guiwan ,10,s,1,1,15407.74316,22.8455,5171.169434,11,1,0.0917,0.1143,0.1071,165,135,140,145,120,175,69,67,47,54,73,74,3,10,10,-0.002,0.073,0.02,0.023,0.011,0.444,0.291,0.199,3,5,STC.2017.10.29,-38.322,125.28,-7.6627,772.15,-0.5188,0.0903,1.1363,1.1096,NA,1.3073,1.3862,NA,NA,NA,NA,NA,NA,NA,NA,3.923,-15.245,3.57,-14.806,0.83,5.4666608,8.26,48.23,28.34967213,1.07605602,44.06271592,4.294457341
POPSS5,18/07/2017,P. lutea,1,GI,Guiwan ,10,s,1,1,41495.125,54.7065,8000.303711,11,1,0.0897,0.1112,0.104,91,90,105,103,107,88,42,46,39,65,46,49,3,10,10,-0.001,0.114,0.034,0.037,0.01,0.119,0.077,0.095,3,5,STC.2017.10.29,-38.322,125.28,-7.6627,772.15,-0.5188,0.0903,1.3164,1.3277,NA,0.9531,1.0473,NA,NA,NA,NA,NA,NA,NA,NA,4.238,-14.015,3.825,-15.221,1.21,10.39,6.95,51.09,28.34967213,1.07605602,44.06271592,4.294457341
POPSS6,19/07/2017,P. lutea,1,GI,Guiwan ,10,s,1,1,99865.25781,137.1916,17272.18555,11,1,0.0915,0.1132,0.1058,175,195,135,185,225,130,41,36,53,29,51,55,3,10,10,-0.001,0.243,0.068,0.075,0.006,0.547,0.262,0.209,3,5,STC.2017.10.29,-38.322,125.28,-7.6627,772.15,-0.5188,0.0903,2.0468,2.1692,NA,1.6597,1.7997,NA,NA,NA,NA,NA,NA,NA,NA,3.51,-14.382,3.268,-14.291,0.81,6.8038138,6.63,51.29,28.34967213,1.07605602,44.06271592,4.294457341
POPSS7,19/07/2017,P. lutea,1,GI,Guiwan ,10,s,1,1,60226.66406,84.044,12255.46484,11,1,0.0894,0.1219,0.113,190,110,120,155,90,85,67,82,69,82,57,72,3,10,10,0,0.087,0.025,0.029,0.006,0.747,0.37,0.274,3,5,STC.2017.10.29,-38.322,125.28,-7.6627,772.15,-0.5188,0.0903,1.3121,1.3077,NA,1.7159,1.8486,NA,NA,NA,NA,NA,NA,NA,NA,2.5,-12.207,NA,-12.129,0.725499,4.3137619,NA,46.3369713,28.34967213,1.07605602,44.06271592,4.294457341
POPSBA1,2/10/2017,P. lutea,1,NT,Bitou,10,s,1,1,78418.0625,94.3427,12736.32422,14,1,0.0915,0.1126,0.1047,480,430,450,380,455,445,99,109,90,84,97,90,3,10,10,0,0.636,0.178,0.201,0.012,0.254,0.154,0.183,3,5,STC.2017.10.29,-38.322,125.28,-7.6627,772.15,-0.5188,0.0903,2.0854,2.1986,NA,1.8627,1.8766,NA,NA,NA,NA,NA,NA,NA,NA,6.849,-14.406,5.346,-13.297,0.841829,6.1378088,7.63,50.46,28.61901639,0.356364537,22.1440168,3.455177367
POPSBA2,2/10/2017,P. lutea,1,NT,Bitou,10,s,1,1,43893.9375,50.5329,8723.359375,12,1,0.0899,0.112,0.1039,270,210,220,320,250,205,38,54,46,53,32,50,3,10,10,0,0.567,0.158,0.18,0.008,0.254,0.135,0.187,3,5,STC.2017.10.29,-38.322,125.28,-7.6627,772.15,-0.5188,0.0903,1.8528,1.8011,NA,1.7658,1.9256,NA,NA,NA,NA,NA,NA,NA,NA,6.898,-15.581,5.093,-14.785,1.05,6.54,7.24,46.11,28.61901639,0.356364537,22.1440168,3.455177367
POPSBA5,2/10/2017,P. lutea,1,NT,Bitou,10,s,1,1,31345.22266,35.771,6955.15332,11.5,1,0.0906,0.1105,0.1033,145,165,105,150,175,165,47,40,27,35,22,47,3,10,10,0,0.434,0.122,0.137,0.014,0.231,0.161,0.192,3,5,STC.2017.10.29,-38.322,125.28,-7.6627,772.15,-0.5188,0.0903,1.3654,1.3139,NA,1.616,1.7268,NA,NA,NA,NA,NA,NA,NA,NA,6.484,-14.519,5.351,-14.536,1.28,8.91,6.76,49.51,28.61901639,0.356364537,22.1440168,3.455177367
POPSBA6,2/10/2017,P. lutea,1,NT,Bitou,10,s,1,1,46411.60547,56.8871,9943.488281,10,1,0.0912,0.1124,0.1048,165,220,205,215,260,285,56,60,67,74,42,58,3,10,10,0,0.412,0.116,0.13,0.008,0.261,0.142,0.137,3,5,STC.2017.10.29,-38.322,125.28,-7.6627,772.15,-0.5188,0.0903,1.6105,1.6185,NA,1.4113,1.5239,NA,NA,NA,NA,NA,NA,NA,NA,6.615,-13.991,5.153,-13.761,1.2,9.2,6.5,45.22,28.61901639,0.356364537,22.1440168,3.455177367
POPSBA7,2/10/2017,P. lutea,1,NT,Bitou,10,s,1,1,40511.22266,48.475,7938.678223,11,1,0.0893,0.1164,0.1045,325,355,335,295,340,360,53,54,62,81,67,64,3,10,10,0.002,0.664,0.189,0.214,0.009,0.134,0.085,0.139,3,5,STC.2017.10.29,-38.322,125.28,-7.6627,772.15,-0.5188,0.0903,2.4895,2.6242,NA,2.6435,2.7783,NA,NA,NA,NA,NA,NA,NA,NA,8.115,-14.536,NA,-14.367,0.7759578,5.4161045,NA,45.89,28.61901639,0.356364537,22.1440168,3.455177367
POPSBA8,2/10/2017,P. lutea,1,NT,Bitou,10,s,1,1,13538.83496,17.3949,4785.192383,10,1,0.0888,0.1139,0.1035,325,375,380,385,385,380,124,97,50,77,69,107,3,10,10,0,0.595,0.167,0.195,0.007,0.27,0.139,0.154,3,5,STC.2017.10.29,-38.322,125.28,-7.6627,772.15,-0.5188,0.0903,1.9233,1.9251,NA,1.6634,1.8007,NA,NA,NA,NA,NA,NA,NA,NA,6.699,-15.45,4.26,-14.461,0.97,7.3179169,6.33,45.07,28.61901639,0.356364537,22.1440168,3.455177367
POPD1,7/2/2017,P. lutea,1,GI,Guiwan ,40,w,1,1,22278.53516,27.2532,8732.078125,10.5,1,0.0901,0.1134,0.1068,190,215,190,170,210,225,20,23,12,21,21,27,3,10,10,0.003,0.17,0.063,0.066,0.029,0.161,0.088,0.076,3,5,STC.2017.11.29,39.248,-136.19,255.43,651.5,5.3498,0.1059,1.4036,1.3911,NA,0.9475,0.9772,NA,NA,NA,NA,NA,NA,NA,NA,4.366,-16.716,2.925,-18.41,0.71,5.3729558,7.51,52.52,25.10322581,0.186429381,8.22187065,2.703807284
POPD4,7/2/2017,P. lutea,1,GI,Guiwan ,40,w,1,1,58136.04688,82.8796,13474.23926,10,1,0.0915,0.1124,0.1062,135,160,180,185,235,180,24,51,29,33,45,33,3,10,10,-0.001,0.304,0.089,0.097,0.007,0.904,0.45,0.298,3,5,STC.2017.11.29,39.248,-136.19,255.43,651.5,5.3498,0.1059,1.3758,1.3816,NA,1.1992,1.2316,NA,NA,NA,NA,NA,NA,NA,NA,4.676,-16.353,3.761,-16.005,0.64,3.54413,7.25,46.9,25.10322581,0.186429381,8.22187065,2.703807284
POPD6,8/2/2017,P. lutea,1,GI,Guiwan ,40,w,1,1,12371.32617,16.839,3733.162598,10,1,0.0915,0.1143,0.1085,265,255,265,215,220,230,31,50,20,34,31,39,3,10,10,0,0.357,0.108,0.116,0.008,0.45,0.229,0.16,3,5,STC.2017.11.29,39.248,-136.19,255.43,651.5,5.3498,0.1059,1.4995,1.5736,NA,0.8409,0.8833,NA,NA,NA,NA,NA,NA,NA,NA,4.427,-18.485,3.157,-18.288,0.78,4.8856174,6.69,48.1,25.10322581,0.186429381,8.22187065,2.703807284
POPD10,14/02/2017,P. lutea,1,GI,Guiwan ,40,w,1,1,38620.16797,51.4942,7885.489746,10.5,1,0.0903,0.1175,0.1098,240,270,165,200,175,220,14,26,13,15,9,24,3,10,10,0.002,0.333,0.113,0.115,0.016,0.165,0.111,0.1,3,5,STC.2017.11.29,39.248,-136.19,255.43,651.5,5.3498,0.1059,1.5729,1.6348,NA,1.1951,1.2584,NA,NA,NA,NA,NA,NA,NA,NA,4.993,-15.501,3.277,-15.843,0.72,4.5304267,6.62,43.48,25.10322581,0.186429381,8.22187065,2.703807284
POPD11,14/02/2017,P. lutea,1,GI,Guiwan ,40,w,1,2,23964.87891,30.2918,6343.029785,10,1,0.0924,0.1135,0.1079,155,158,155,135,185,165,52,64,48,64,52,65,3,10,10,0.002,0.315,0.093,0.103,0.019,0.147,0.078,0.079,3,5,STC.2017.11.29,39.248,-136.19,255.43,651.5,5.3498,0.1059,1.0481,1.3688,NA,0.906,1.062,NA,NA,NA,NA,NA,NA,NA,NA,4.388,-15.41,NA,-17.437,0.55,3.8048033,NA,46.55,25.10322581,0.186429381,8.22187065,2.703807284
POPD15,14/02/2017,P. lutea,1,GI,Guiwan ,40,w,1,1,84728.07031,99.9308,14935.43164,14,1,0.0907,0.1109,0.1055,125,110,160,150,150,125,34,36,20,21,13,29,3,10,10,0,0.215,0.065,0.069,0.013,0.109,0.076,0.078,3,5,STC.2017.11.29,39.248,-136.19,255.43,651.5,5.3498,0.1059,0.7037,0.8739,NA,0.7262,0.756,NA,NA,NA,NA,NA,NA,NA,NA,4.303,-17.347,2.914,-17.245,0.66,4.2,7.37,47.26,25.10322581,0.186429381,8.22187065,2.703807284
POPS2,8/2/2017,P. lutea,1,GI,Guiwan ,10,w,1,2,21486.6543,25.1448,5591.693359,10,1,0.0916,0.116,0.1074,240,340,290,290,285,330,24,34,42,41,34,37,3,10,10,0.003,0.369,0.12,0.124,0.011,0.193,0.115,0.116,3,5,STC.2017.11.29,39.248,-136.19,255.43,651.5,5.3498,0.1059,1.8927,1.9955,NA,1.2521,1.2913,NA,NA,NA,NA,NA,NA,NA,NA,4.636,-15.996,NA,-16.867,0.6583759,4.9941644,NA,50.43,25.10322581,0.186429381,23.55455652,5.33163119
POPS5,9/2/2017,P. lutea,1,GI,Guiwan ,10,w,1,1,35274.51953,40.1255,8666.743164,10,1,0.0903,0.1145,0.108,160,230,160,210,200,200,60,60,49,62,52,61,3,10,10,0,0.234,0.068,0.075,0.008,0.095,0.061,0.1,3,5,STC.2017.11.29,39.248,-136.19,255.43,651.5,5.3498,0.1059,1.9603,1.922,NA,0.984,1.028,NA,NA,NA,NA,NA,NA,NA,NA,5.064,-13.823,3.882,-14.121,0.475344,3.3607241,7.83,45.82,25.10322581,0.186429381,23.55455652,5.33163119
POPS6,9/2/2017,P. lutea,1,GI,Guiwan ,10,w,1,2,134196.7656,157.7826,26055.45703,10,1,0.0919,0.1179,0.1088,335,330,335,250,250,280,108,59,89,62,82,56,3,10,10,0.002,0.563,0.164,0.177,0.009,0.137,0.089,0.104,3,5,STC.2017.11.29,39.248,-136.19,255.43,651.5,5.3498,0.1059,2.6805,2.6695,NA,1.5233,1.6463,NA,NA,NA,NA,NA,NA,NA,NA,4.596,-15.423,NA,-15.643,0.8,5.2691769,NA,44.44,25.10322581,0.186429381,23.55455652,5.33163119
POPS11,9/2/2017,P. lutea,1,GI,Guiwan ,10,w,1,1,27053.41797,34.8191,6952.891602,11,1,0.0908,0.114,0.1073,315,215,245,310,265,285,69,68,49,75,76,51,3,10,10,0,0.349,0.104,0.114,0.012,0.144,0.07,0.09,3,5,STC.2017.11.29,39.248,-136.19,255.43,651.5,5.3498,0.1059,1.9709,2.1407,NA,1.1493,1.2093,NA,NA,NA,NA,NA,NA,NA,NA,4.234,-15.158,4.087,-16.1,0.9,5.5158656,7.83,48.78,25.10322581,0.186429381,23.55455652,5.33163119
POPS12,14/02/2017,P. lutea,1,GI,Guiwan ,10,w,0,1,131458.0156,151.4847,19386.46094,12,1,0.0892,0.1203,0.1072,340,370,290,320,310,265,141,146,120,127,121,136,3,10,10,0.001,0.464,0.136,0.15,0.091,0.597,0.339,0.299,3,5,STC.2017.11.29,39.248,-136.19,255.43,651.5,5.3498,0.1059,2.8065,2.7996,NA,2.3741,2.5778,NA,NA,NA,NA,NA,NA,NA,NA,3.935,-13.892,3.624,-14.598,0.5543842,4.6490486,6.438928,41.6552254,25.10322581,0.186429381,23.55455652,5.33163119
POPS14,14/02/2017,P. lutea,1,GI,Guiwan ,10,w,1,1,73442.72656,104.1169,12671.89551,11,1,0.0891,0.1154,0.1069,215,360,290,305,325,275,82,71,44,75,59,71,3,10,10,-0.001,0.305,0.09,0.101,0.103,0.281,0.186,0.184,3,5,STC.2017.11.29,39.248,-136.19,255.43,651.5,5.3498,0.1059,2.5763,2.6421,NA,1.397,1.4796,NA,NA,NA,NA,NA,NA,NA,NA,3.967,-13.521,3.241,-13.484,0.77,4.6168943,8.33,46.18,25.10322581,0.186429381,23.55455652,5.33163119
POPSB1,27/04/2017,P. lutea,1,NT,Bitou,10,w,1,1,15187.48145,18.7797,5323.054688,10,1,0.0881,0.1162,0.1027,550,590,750,900,570,730,192,176,216,320,294,290,3,10,10,0.003,0.836,0.237,0.257,0.108,0.915,0.413,0.367,3,5,STC.2017.11.29,39.248,-136.19,255.43,651.5,5.3498,0.1059,2.9851,2.9918,NA,2.5895,2.7459,NA,NA,NA,NA,NA,NA,NA,NA,5.902,-15.458,4.907,-15.634,0.9383695,6.311112,8.75,48.38,21.37372881,0.778337969,19.68947976,3.481554209
POPSB2,27/04/2017,P. lutea,1,NT,Bitou,10,w,1,1,51570.01953,57.8925,11170.91113,12,1,0.0904,0.113,0.1046,290,245,350,335,325,300,31,45,28,41,18,37,3,10,10,0.003,0.501,0.148,0.157,0.035,0.278,0.138,0.144,3,5,STC.2017.11.29,39.248,-136.19,255.43,651.5,5.3498,0.1059,2.1109,1.8756,NA,1.9393,2.0508,NA,NA,NA,NA,NA,NA,NA,NA,6.264,-15.796,5.102,-17.012,1.32,9.02,6.48,39.67,21.37372881,0.778337969,19.68947976,3.481554209
POPSB3,27/04/2017,P. lutea,1,NT,Bitou,10,w,1,1,28850.10547,30.8613,6507.842773,10,1,0.09,0.1154,0.1054,355,385,355,355,355,370,133,106,73,114,86,136,3,10,10,0.003,0.676,0.198,0.214,0.127,0.243,0.175,0.197,3,5,STC.2017.11.29,39.248,-136.19,255.43,651.5,5.3498,0.1059,2.458,2.6806,NA,1.9031,2.1004,NA,NA,NA,NA,NA,NA,NA,NA,6.022,-15.366,5.186,-15.812,1.35,9.29,7.49,41.09,21.37372881,0.778337969,19.68947976,3.481554209
POPSB4,27/04/2017,P. lutea,1,NT,Bitou,10,w,1,1,25898.72852,28.3433,6977.622559,10,1,0.0912,0.1148,0.1043,180,165,170,210,160,155,108,81,106,89,105,104,3,10,10,0.001,0.411,0.12,0.126,0.007,0.26,0.094,0.085,3,5,STC.2017.11.29,39.248,-136.19,255.43,651.5,5.3498,0.1059,2.8285,2.8631,NA,1.9122,2.0508,NA,NA,NA,NA,NA,NA,NA,NA,6.415,-13.728,4.584,-14.664,1.24,8.1479557,9,51.75,21.37372881,0.778337969,19.68947976,3.481554209
POPSB8,19/05/2017,P. lutea,1,NT,Bitou,10,w,1,1,39361.40234,45.3178,8796.532227,14,1,0.0901,0.1121,0.1032,260,300,305,245,300,225,55,63,44,68,55,70,3,10,10,0.004,0.452,0.137,0.144,0.012,0.438,0.173,0.18,3,5,STC.2017.11.29,39.248,-136.19,255.43,651.5,5.3498,0.1059,1.7672,1.5553,NA,2.0155,2.1335,NA,NA,NA,NA,NA,NA,NA,NA,6.597,-14.986,4.553,-14.11,1.35,9.3,6.87,42.13,21.87770492,1.255479183,18.96877719,0.691423339
POPSL11,19/05/2017,P. lutea,1,NT,Longdong,10,w,1,1,73687.25781,77.7995,14092.47266,10,1,0.0902,0.1173,0.1062,370,295,305,410,360,360,59,93,47,79,64,78,3,10,10,0.003,0.716,0.207,0.232,0.064,0.158,0.131,0.145,3,5,STC.2017.11.29,39.248,-136.19,255.43,651.5,5.3498,0.1059,1.988,2.1241,NA,1.9359,2.1317,NA,NA,NA,NA,NA,NA,NA,NA,5.476,-15.605,3.695,-14.96,0.93,5.8854124,6.9367302,49.0810543,21.87770492,1.255479183,18.96877719,0.691423339
PSPS5,10/2/2017,P. profundacella,1,GI,Guiwan ,10,w,1,2,674.3094,0.9235,660.5999,10,1,0.0906,0.1103,0.1048,100,85,65,120,90,120,5,10,7,10,8,11,3,10,10,0.001,0.117,0.035,0.037,0.011,1.045,0.469,0.273,2,5,STC.2017.12.14a,-101.74,371.5,-275.87,784.78,-2.1083,0.08295,0.448,0.4697,NA,0.6876,0.7025,NA,NA,NA,NA,NA,NA,NA,NA,3.252,-14.657,NA,-14.756,0.4006741,2.8897423,NA,25.0251365,25.10322581,0.186429381,23.55455652,5.33163119
PSPS7,10/2/2017,P. profundacella,1,GI,Guiwan ,10,w,1,1,5918.8721,10.7514,2278.9307,10,1,0.0893,0.1082,0.103,45,35,40,50,45,55,13,19,12,9,14,20,3,10,10,0.001,0.133,0.039,0.042,0.012,1.619,0.716,0.485,2,5,STC.2017.12.14a,-101.74,371.5,-275.87,784.78,-2.1083,0.08295,0.5965,0.5752,NA,0.9165,0.9367,NA,NA,NA,NA,NA,NA,NA,NA,3.333,-15.812,2.454,-16.808,0.3795405,2.4215371,6.6650806,52.5341857,25.10322581,0.186429381,23.55455652,5.33163119
PSPS10,13/02/2017,P. profundacella,1,GI,Guiwan ,10,w,1,2,3617.6572,5.9993,1913.3365,10,1,0.09,0.1067,0.1026,135,85,115,85,90,150,11,14,11,6,15,14,3,10,10,0.001,0.121,0.038,0.045,0.012,1.037,0.448,0.289,2,5,STC.2017.12.14a,-101.74,371.5,-275.87,784.78,-2.1083,0.08295,0.4803,0.5031,NA,0.7282,0.7492,NA,NA,NA,NA,NA,NA,NA,NA,3.571,-16.332,NA,-16.717,0.419102,2.7759362,NA,48.5783569,25.10322581,0.186429381,23.55455652,5.33163119
PSPS11,13/02/2017,P. profundacella,1,GI,Guiwan ,10,w,1,1,820.3931,1.3752,671.3365,10,1,0.0894,0.1117,0.1066,125,165,125,110,125,230,13,15,12,10,17,17,3,10,10,0.002,0.155,0.046,0.049,0.011,0.998,0.541,0.3,2,5,STC.2017.12.14a,-101.74,371.5,-275.87,784.78,-2.1083,0.08295,0.5465,0.522,NA,0.6613,0.6774,NA,NA,NA,NA,NA,NA,NA,NA,3.793,-18.219,2.781,-18.943,0.352251,2.1542589,6.8674982,53.1596224,25.10322581,0.186429381,23.55455652,5.33163119
PSPS12,13/02/2017,P. profundacella,1,GI,Guiwan ,10,w,1,2,9798.6045,16.351,3215.5144,10,1,0.0908,0.1099,0.105,70,100,70,110,55,65,19,22,28,34,14,18,3,10,10,0.001,0.102,0.031,0.032,0.011,1.02,0.421,0.344,2,5,STC.2017.12.14a,-101.74,371.5,-275.87,784.78,-2.1083,0.08295,0.4555,0.4403,NA,0.9324,0.9729,NA,NA,NA,NA,NA,NA,NA,NA,3.232,-15.496,NA,-16.731,0.4346505,3.0698875,NA,51.1590866,25.10322581,0.186429381,23.55455652,5.33163119
PSPD1,8/2/2017,P. profundacella,1,GI,Guiwan ,40,w,1,1,2570.624,3.385,2422.4932,10,1,0.0898,0.1068,0.102,145,125,200,165,125,170,23,29,22,15,14,27,3,10,10,0.002,0.29,0.081,0.083,0.009,0.779,0.323,0.22,2,5,STC.2017.12.14a,-101.74,371.5,-275.87,784.78,-2.1083,0.08295,0.6829,0.6851,NA,1.1616,1.1802,NA,NA,NA,NA,NA,NA,NA,NA,2.977,-18.977,2.185,-19.404,0.7451512,5.4120955,6.6300063,51.8772488,25.10322581,0.186429381,8.22187065,2.703807284
PSPD4,13/02/2017,P. profundacella,1,GI,Guiwan ,36,w,1,1,2192.9951,3.5511,1511.7318,10,1,0.0901,0.1084,0.1032,93,85,65,85,50,105,15,23,16,23,19,26,3,10,10,0.002,0.18,0.052,0.057,0.012,0.491,0.26,0.157,2,5,STC.2017.12.14a,-101.74,371.5,-275.87,784.78,-2.1083,0.08295,0.4415,0.4561,NA,0.9583,0.9879,NA,NA,NA,NA,NA,NA,NA,NA,3.568,-19.517,1.794,-20.943,0.4408431,2.6653416,5.9934318,50.2894399,25.10322581,0.186429381,9.450157491,2.955163827
PSPD5,13/02/2017,P. profundacella,1,GI,Guiwan ,36,w,1,1,4737.0303,8.4462,2040.0292,10.5,1,0.0896,0.1102,0.1045,120,70,120,160,120,175,12,20,5,14,11,17,3,10,10,0.003,0.18,0.054,0.055,0.008,0.57,0.208,0.166,2,5,STC.2017.12.14a,-101.74,371.5,-275.87,784.78,-2.1083,0.08295,0.6893,0.6716,NA,1.3174,1.3622,NA,NA,NA,NA,NA,NA,NA,NA,3.981,-18.31,3.169,-18.282,0.4926733,3.1899107,7.2789713,52.987751,25.10322581,0.186429381,9.450157491,2.955163827
PSPD7,13/02/2017,P. profundacella,1,GI,Guiwan ,40,w,1,1,833.9189,1.4505,790.3587,10,1,0.0895,0.1081,0.1033,105,145,130,90,95,80,4,12,5,11,4,5,3,10,10,0.003,0.223,0.067,0.072,0.008,0.977,0.516,0.278,2,5,STC.2017.12.14a,-101.74,371.5,-275.87,784.78,-2.1083,0.08295,0.62,0.6043,NA,0.8131,0.8518,NA,NA,NA,NA,NA,NA,NA,NA,4.27,-17.6,3.347,-17.698,0.4161949,2.5889654,5.8907031,51.7370239,25.10322581,0.186429381,8.22187065,2.703807284
PSPD8,13/02/2017,P. profundacella,1,GI,Guiwan ,40,w,1,1,5262.9141,9.6889,2660.6323,10.5,1,0.089,0.1092,0.1041,150,215,210,170,195,125,31,29,17,29,10,24,3,10,10,0.006,0.201,0.064,0.068,0.014,0.355,0.189,0.149,2,5,STC.2017.12.14a,-101.74,371.5,-275.87,784.78,-2.1083,0.08295,0.5807,0.6997,NA,1.0644,1.114,NA,NA,NA,NA,NA,NA,NA,NA,4.012,-18.23,3.571,-17.941,0.4041904,2.8802051,5.771951,51.5192037,25.10322581,0.186429381,8.22187065,2.703807284
PSPSS4,22/07/2017,P. profundacella,1,GI,Guiwan ,10,s,1,1,6284.774414,12.4176,3897.476563,10,1,0.0903,0.1088,0.1037,79,87,80,77,88,75,25,51,36,43,43,42,3,10,10,0.003,0.087,0.028,0.033,0.011,0.988,0.509,0.314,2,5,STC.2017.12.14a,-101.74,371.5,-275.87,784.78,-2.1083,0.08295,0.3895,0.4333,NA,1.3875,1.4631,NA,NA,NA,NA,NA,NA,NA,NA,3.451,-14.313,2.471,-15.453,0.5193688,4.4610214,5.9978168,52.5777623,28.34967213,1.07605602,44.06271592,4.294457341
PSPSS5,22/07/2017,P. profundacella,1,GI,Guiwan ,10,s,1,1,43815.29688,63.4653,9857.433594,10,1,0.0896,0.1069,0.1021,78,115,41,57,76,61,12,15,1,7,4,6,3,10,10,0.002,0.172,0.052,0.056,0.012,1.25,0.766,0.361,2,5,STC.2017.12.14a,-101.74,371.5,-275.87,784.78,-2.1083,0.08295,0.6602,0.6422,NA,1.13,1.2016,NA,NA,NA,NA,NA,NA,NA,NA,4.413,-13.764,2.941,-14.619,0.6680962,5.7542785,5.0244192,49.8806705,28.34967213,1.07605602,44.06271592,4.294457341
PSPSS6,22/07/2017,P. profundacella,1,GI,Guiwan ,10,s,1,1,26580.80273,48.6557,7759.58252,10,1,0.0894,0.1082,0.1033,80,100,120,90,110,85,22,37,28,22,21,29,3,10,10,0.004,0.09,0.029,0.033,0.008,0.88,0.425,0.255,2,5,STC.2017.12.14a,-101.74,371.5,-275.87,784.78,-2.1083,0.08295,0.3787,0.3843,NA,0.9927,1.06,NA,NA,NA,NA,NA,NA,NA,NA,3.548,-14.107,2.588,-13.895,0.63157,5.1563559,5.5995167,50.5573597,28.34967213,1.07605602,44.06271592,4.294457341
PSPDS1,18/07/2017,P. profundacella,1,GI,Guiwan ,40,s,1,1,8196.053711,13.7644,5917.991211,10,1,0.0892,0.1089,0.1046,52,48,66,59,64,61,17,25,9,21,14,19,3,10,10,0.001,0.07,0.021,0.023,0.004,1.008,0.526,0.301,2,5,STC.2017.12.14b,-19.026,81.331,18.622,610.98,0.3041,0.0869,0.4185,0.4285,NA,0.7684,0.7843,NA,NA,NA,NA,NA,NA,NA,NA,4.596,-15.082,3.121,-15.504,0.4092241,3.0478166,5.8479044,44.7645496,28.34967213,1.07605602,19.06912032,4.17121641
PSPDS2,18/07/2017,P. profundacella,1,GI,Guiwan ,40,s,1,1,25641.87305,42.4532,9167.279297,10,1,0.0896,0.1081,0.1037,85,59,65,100,80,135,22,22,14,19,13,25,3,10,10,0,0.105,0.03,0.032,0.003,0.292,0.153,0.111,2,5,STC.2017.12.14b,-19.026,81.331,18.622,610.98,0.3041,0.0869,0.607,0.5299,NA,0.8562,0.8382,NA,NA,NA,NA,NA,NA,NA,NA,4.217,-15.796,3.719,-15.275,0.6667788,4.463999,6.7839922,52.9686336,28.34967213,1.07605602,19.06912032,4.17121641
PSPDS5,18/07/2017,P. profundacella,1,GI,Guiwan ,40,s,1,3,9325.248047,13.6121,4997.047852,10,1,0.0895,0.1072,0.1022,93,90,100,92,83,103,13,14,10,19,6,19,3,10,10,0.001,0.156,0.044,0.046,0.003,0.552,0.246,0.177,2,5,STC.2017.12.14b,-19.026,81.331,18.622,610.98,0.3041,0.0869,0.6363,0.623,NA,1.2405,1.2622,NA,NA,NA,NA,NA,NA,NA,NA,4.346,-17.015,NA,NA,0.5340078,5.0104566,NA,NA,28.34967213,1.07605602,19.06912032,4.17121641
PSPDS6,18/07/2017,P. profundacella,1,GI,Guiwan ,40,s,1,1,43042.625,76.0907,23134.34766,10,1,0.0893,0.1068,0.1022,100,129,86,108,81,85,9,14,5,6,4,5,3,10,10,0.001,0.115,0.034,0.039,0.004,0.698,0.349,0.215,2,5,STC.2017.12.14b,-19.026,81.331,18.622,610.98,0.3041,0.0869,0.6606,0.6534,NA,0.98,1.014,NA,NA,NA,NA,NA,NA,NA,NA,3.575,-17.248,3.662,-15.993,0.5589475,5.7585349,5.2158901,46.733019,28.34967213,1.07605602,19.06912032,4.17121641
PSPDS7,18/07/2017,P. profundacella,1,GI,Guiwan ,40,s,1,1,16296.50781,25.0549,8324.958984,10,1,0.0891,0.1088,0.1039,68,58,37,58,42,66,5,13,1,3,3,2,3,10,10,0.001,0.117,0.034,0.039,0.003,0.521,0.195,0.145,2,5,STC.2017.12.14b,-19.026,81.331,18.622,610.98,0.3041,0.0869,0.5048,0.4935,NA,0.9942,1.0309,NA,NA,NA,NA,NA,NA,NA,NA,4.171,-16.787,4.049,-16.887,0.6141382,4.5457039,6.2555498,53.1549079,28.34967213,1.07605602,19.06912032,4.17121641
PSPDS8,20/07/2017,P. profundacella,1,GI,Guiwan ,40,s,1,1,28998.6875,57.9799,8031.921875,10,1,0.0879,0.1054,0.1013,34,34,31,25,28,25,3,3,2,2,2,2,3,10,10,0,0.054,0.016,0.019,0.004,0.727,0.363,0.226,2,5,STC.2017.12.14b,-19.026,81.331,18.622,610.98,0.3041,0.0869,0.3762,0.3571,NA,0.9512,0.9914,NA,NA,NA,NA,NA,NA,NA,NA,3.793,-17.278,3.513,-17.617,0.7559657,5.4354461,5.7456892,55.2601138,28.34967213,1.07605602,19.06912032,4.17121641
PSPSB2,19/05/2017,P. profundacella,1,NT,Bitou,10,w,1,1,9795.926758,13.1225,6428.891113,10,1,0.0898,0.1138,0.1049,695,925,785,580,615,635,16,32,9,21,15,19,3,10,10,0.002,0.955,0.273,0.287,0.008,0.52,0.242,0.2,2,5,STC.2017.12.14b,-19.026,81.331,18.622,610.98,0.3041,0.0869,1.7653,1.6568,NA,2.8066,2.8619,NA,NA,NA,NA,NA,NA,NA,NA,5.598,-14.902,4.179,-14.739,0.7879308,6.1052852,6.3241783,51.467659,21.87770492,1.255479183,18.96877719,0.691423339
PSPSB3,19/05/2017,P. profundacella,1,NT,Bitou,10,w,1,1,2421.790527,3.8821,2178.959473,10,1,0.0893,0.1085,0.1034,125,165,145,145,125,160,16,21,15,27,13,12,3,10,10,0,0.392,0.111,0.121,0.001,0.609,0.347,0.179,2,5,STC.2017.12.14b,-19.026,81.331,18.622,610.98,0.3041,0.0869,0.8649,0.8421,NA,1.1026,1.2937,NA,NA,NA,NA,NA,NA,NA,NA,5.513,-18.667,4.529,-18.716,0.6798931,4.5907621,5.5976705,42.0979325,21.87770492,1.255479183,18.96877719,0.691423339
PSPSB4,19/05/2017,P. profundacella,1,NT,Bitou,10,w,1,1,25707.49219,35.4441,13467.46191,10,1,0.09,0.1131,0.1045,305,320,370,255,265,420,15,40,11,25,14,33,3,10,10,0.002,0.6,0.174,0.185,0.008,0.567,0.242,0.188,2,5,STC.2017.12.14b,-19.026,81.331,18.622,610.98,0.3041,0.0869,1.534,1.5325,NA,2.1297,2.3058,NA,NA,NA,NA,NA,NA,NA,NA,5.241,-16.182,4.661,-15.202,0.5353449,3.7680822,4.3622687,35.7960316,21.87770492,1.255479183,18.96877719,0.691423339
PSPSB5,19/05/2017,P. profundacella,1,NT,Bitou,10,w,1,1,6591.033691,8.9,2709.17627,10,1,0.0898,0.1085,0.1026,375,455,290,310,230,240,13,17,6,7,7,4,3,10,10,0.009,0.624,0.185,0.194,0.005,0.463,0.183,0.165,2,5,STC.2017.12.14b,-19.026,81.331,18.622,610.98,0.3041,0.0869,1.14,1.1254,NA,1.7185,1.8317,NA,NA,NA,NA,NA,NA,NA,NA,6.194,-15.383,4.362,-15.264,0.9068103,6.3328604,6.4630773,49.6855184,21.87770492,1.255479183,18.96877719,0.691423339
PSPSB6,19/05/2017,P. profundacella,1,NT,Bitou,10,w,1,1,43143.20313,54.388,12948.12109,10,1,0.09,0.1105,0.1046,115,155,105,165,160,170,0,4,1,5,2,7,3,10,10,0.002,0.4,0.122,0.126,0.004,0.723,0.323,0.215,2,5,STC.2017.12.14b,-19.026,81.331,18.622,610.98,0.3041,0.0869,0.8978,0.998,NA,1.3949,1.4978,NA,NA,NA,NA,NA,NA,NA,NA,3.867,-17.663,4.346,-17.502,0.6564029,4.0420602,5.3277387,41.5057998,21.87770492,1.255479183,18.96877719,0.691423339
PSPSB7,19/05/2017,P. profundacella,1,NT,Bitou,10,w,1,1,41874.79688,61.3707,16907.37305,10,1,0.09,0.1078,0.1027,155,145,145,160,100,85,6,6,0,4,1,5,3,10,10,0,0.281,0.083,0.092,0.003,0.485,0.176,0.144,2,5,STC.2017.12.14b,-19.026,81.331,18.622,610.98,0.3041,0.0869,0.7731,0.8043,NA,1.2051,1.2766,NA,NA,NA,NA,NA,NA,NA,NA,6.565,-18.684,3.856,-18.618,0.9053124,5.4251244,5.8254507,43.1608241,21.87770492,1.255479183,18.96877719,0.691423339
PSPSBA1,2/10/2017,P. profundacella,1,NT,Bitou,10,s,1,1,36843.59766,71.4681,8844.174805,10,1,0.0902,0.1096,0.104,235,255,270,260,230,185,1,1,0,2,0,0,3,10,10,0,0.503,0.144,0.166,0.016,0.692,0.269,0.236,2,5,STC.2017.12.14b,-19.026,81.331,18.622,610.98,0.3041,0.0869,0.9688,0.965,NA,1.3973,1.4867,NA,NA,NA,NA,NA,NA,NA,NA,6.07,-17.989,3.282,-17.604,0.5222818,3.4940741,5.2835325,43.6523428,28.61901639,0.356364537,22.1440168,3.455177367
PSPSBA2,2/10/2017,P. profundacella,1,NT,Bitou,10,s,1,1,46708.47656,68.2882,11515.0459,10.5,1,0.0891,0.108,0.1019,370,510,420,335,350,345,4,7,5,7,2,4,3,10,10,0.001,0.454,0.133,0.144,0.004,0.575,0.253,0.186,2,5,STC.2017.12.14b,-19.026,81.331,18.622,610.98,0.3041,0.0869,1.4313,1.5785,NA,2.2493,2.4151,NA,NA,NA,NA,NA,NA,NA,NA,6.181,-14.96,4.101,-14.079,0.7909287,6.4340102,5.5365313,53.1547343,28.61901639,0.356364537,22.1440168,3.455177367
PSPSBA4,2/10/2017,P. profundacella,1,NT,Bitou,10,s,1,1,1517.849976,2.4197,1069.781738,10.5,1,0.0898,0.111,0.103,795,835,775,740,730,780,2,5,3,5,10,3,3,10,10,0.002,0.704,0.206,0.225,0.007,0.751,0.276,0.243,2,5,STC.2017.12.14b,-19.026,81.331,18.622,610.98,0.3041,0.0869,1.4445,1.4195,NA,2.2378,2.4137,NA,NA,NA,NA,NA,NA,NA,NA,5.69,-13.91,4.822,-13.37,0.655612,7.7680697,4.9886554,50.5035358,28.61901639,0.356364537,22.1440168,3.455177367
PSPSBA5,2/10/2017,P. profundacella,1,NT,Bitou,10,s,1,1,20052.51953,33.5729,5367.500977,10,1,0.0901,0.1087,0.1027,385,405,430,420,315,425,2,2,1,1,1,0,3,10,10,0,0.499,0.144,0.157,0.014,0.539,0.264,0.209,2,5,STC.2017.12.14b,-19.026,81.331,18.622,610.98,0.3041,0.0869,1.2276,1.2434,NA,1.7983,1.8956,NA,NA,NA,NA,NA,NA,NA,NA,5.801,-16.772,3.54,-16.586,0.9280648,7.0575493,5.113872,45.0863169,28.61901639,0.356364537,22.1440168,3.455177367
PSPSBA6,2/10/2017,P. profundacella,1,NT,Bitou,10,s,1,1,42094.94922,53.2489,10470.41113,10,1,0.0895,0.1091,0.1031,390,440,405,360,405,425,3,7,0,6,3,3,3,10,10,0.003,0.564,0.164,0.175,0.012,0.788,0.343,0.275,2,5,STC.2017.12.14b,-19.026,81.331,18.622,610.98,0.3041,0.0869,1.5654,1.7074,NA,1.9656,2.1264,NA,NA,NA,NA,NA,NA,NA,NA,6.064,-16.981,3.752,-17.265,0.8547049,6.7044815,3.9198517,33.5312369,28.61901639,0.356364537,22.1440168,3.455177367
PSPSBA7,2/10/2017,P. profundacella,1,NT,Bitou,10,s,1,1,1833.364624,2.3947,1625.269653,10,1,0.0902,0.1096,0.1035,375,555,480,525,485,525,5,7,5,4,3,1,3,10,10,0.001,0.639,0.183,0.204,0.056,0.986,0.369,0.328,2,5,STC.2017.12.14b,-19.026,81.331,18.622,610.98,0.3041,0.0869,1.2657,1.2886,NA,1.9326,2.0432,NA,NA,NA,NA,NA,NA,NA,NA,6.118,-14.748,4.222,-13.803,0.7317903,7.1514369,4.5562211,50.3087032,28.61901639,0.356364537,22.1440168,3.455177367
STPSB1,27/04/2017,S. pistillata,1,NT,Bitou,10,w,1,1,4624.04834,6.2291,2908.967285,10,1,0.0905,0.1093,0.1029,325,335,370,465,330,350,152,166,144,166,138,154,3,10,10,0.002,0.486,0.147,0.153,0.001,0.048,0.023,0.025,2,5,STC.2017.09.14,-363.3,1404.1,-1382.8,1050.2,-25.746,0.1395,1.3666,1.3135,NA,1.8776,1.92,NA,NA,NA,NA,NA,NA,NA,NA,4.774,-19.524,3.16,-19.914,1.448335,10.5274189,8.412097,49.7389986,21.37372881,0.778337969,19.68947976,3.481554209
STPSB3,27/04/2017,S. pistillata,1,NT,Bitou,10,w,1,1,12094.47754,21.0817,5843.703613,10,1,0.0906,0.1111,0.1043,405,380,560,410,540,410,148,137,154,177,127,220,3,10,10,0,0.551,0.163,0.165,0.001,0.08,0.036,0.036,2,5,STC.2017.09.14,-363.3,1404.1,-1382.8,1050.2,-25.746,0.1395,1.7902,1.7959,NA,2.2293,2.3034,NA,NA,NA,NA,NA,NA,NA,NA,4.912,-19.199,3.485,-19.659,1.3884962,8.8323176,8.4547882,48.939272,21.37372881,0.778337969,19.68947976,3.481554209
STPSB4,27/04/2017,S. pistillata,1,NT,Bitou,10,w,1,1,16742.36914,28.2411,8106.61377,10,1,0.091,0.1125,0.1043,550,580,335,560,490,445,285,340,255,210,230,350,3,10,10,0.001,0.601,0.183,0.185,0.002,0.116,0.04,0.041,2,5,STC.2017.09.14,-363.3,1404.1,-1382.8,1050.2,-25.746,0.1395,1.9499,2.0097,NA,2.2906,2.4068,NA,NA,NA,NA,NA,NA,NA,NA,4.896,-18.775,3.326,-18.992,1.5233204,10.7816277,8.2584628,50.1911651,21.37372881,0.778337969,19.68947976,3.481554209
STPSB8,27/04/2017,S. pistillata,1,NT,Bitou,10,w,1,1,18308.05859,27.3845,9514.780273,10,1,0.0915,0.112,0.1056,400,350,355,385,350,320,147,139,145,152,145,126,3,10,10,0.002,0.5,0.15,0.157,0.002,0.143,0.056,0.048,2,5,STC.2017.09.14,-363.3,1404.1,-1382.8,1050.2,-25.746,0.1395,1.3931,1.3596,NA,2.0434,2.0717,NA,NA,NA,NA,NA,NA,NA,NA,4.962,-17.649,3.276,-17.976,1.1200608,12.9051126,6.7586024,46.6834936,21.37372881,0.778337969,19.68947976,3.481554209
STPSB10,27/04/2017,S. pistillata,1,NT,Bitou,10,w,1,1,10213.11133,15.8331,6677.286133,10,1,0.0896,0.1107,0.1037,370,420,435,380,445,350,140,165,130,165,165,130,3,10,10,0.001,0.543,0.163,0.17,0.001,0.122,0.058,0.055,2,5,STC.2017.09.14,-363.3,1404.1,-1382.8,1050.2,-25.746,0.1395,1.6916,1.7443,NA,1.7833,1.8407,NA,NA,NA,NA,NA,NA,NA,NA,4.333,-19.743,3.218,-19.893,1.2299263,7.1972123,8.5858842,48.9470629,21.37372881,0.778337969,19.68947976,3.481554209
STPSB12,27/04/2017,S. pistillata,1,NT,Bitou,10,w,1,1,11059.68945,16.0922,6091.472656,10,1,0.0909,0.1098,0.1042,445,300,335,445,345,445,125,185,166,147,136,189,3,10,10,0,0.533,0.155,0.162,0.002,0.112,0.059,0.047,2,5,STC.2017.09.14,-363.3,1404.1,-1382.8,1050.2,-25.746,0.1395,1.596,1.5934,NA,1.7868,1.8845,NA,NA,NA,NA,NA,NA,NA,NA,4.383,-18.917,2.781,-19.886,1.3359138,7.4601023,8.3140045,49.5787329,21.37372881,0.778337969,19.68947976,3.481554209
STPSS1,20/07/2017,S. pistillata,1,GI,Guiwan ,10,S,1,1,18781.5625,29.7531,7983.13623,10,1,0.09,0.107,0.1021,132,124,161,111,117,122,99,108,92,95,95,102,3,10,10,0,0.138,0.042,0.042,0.003,0.673,0.334,0.23,2,5,STC.2017.09.14,-363.3,1404.1,-1382.8,1050.2,-25.746,0.1395,0.7886,0.7156,NA,1.0409,1.0085,NA,NA,NA,NA,NA,NA,NA,NA,3.842,-18.419,1.28,-18.221,0.5823337,6.3281618,5.873249,39.238432,28.34967213,1.07605602,44.06271592,4.294457341
STPSS2,20/07/2017,S. pistillata,1,GI,Guiwan ,10,S,1,1,17461.78906,31.0264,6634.223145,10,1,0.0909,0.1089,0.1036,165,290,200,195,170,160,123,153,140,141,102,165,3,10,10,0,0.269,0.081,0.082,0.002,0.818,0.352,0.276,2,5,STC.2017.09.14,-363.3,1404.1,-1382.8,1050.2,-25.746,0.1395,1.2049,1.1693,NA,1.6046,1.6856,NA,NA,NA,NA,NA,NA,NA,NA,3.359,-17.839,1.621,-17.967,1.2362186,7.658472,7.5095046,50.0283168,28.34967213,1.07605602,44.06271592,4.294457341
STPSS3,22/07/2017,S. pistillata,1,GI,Dabaisha,14.6,S,1,1,29221.93359,49.5841,9339.660156,10,1,0.0893,0.1054,0.101,115,134,119,121,141,127,91,88,61,82,86,71,3,10,10,0.001,0.28,0.084,0.086,0.002,0.684,0.413,0.237,2,5,STC.2017.09.14,-363.3,1404.1,-1382.8,1050.2,-25.746,0.1395,1.0383,0.9125,NA,1.1612,1.2653,NA,NA,NA,NA,NA,NA,NA,NA,3.314,-18.265,2.164,-18.219,1.2600523,7.3167365,8.4472715,50.3018109,28.34967213,1.07605602,38.71305552,4.472016289
STPSS4,22/07/2017,S. pistillata,1,GI,Dabaisha,12,S,1,1,12232.90039,22.8284,5166.252441,10,1,0.09,0.1064,0.1027,151,136,200,105,145,150,101,117,90,114,94,112,3,10,10,0,0.145,0.043,0.045,0.005,0.653,0.336,0.219,2,5,STC.2017.09.14,-363.3,1404.1,-1382.8,1050.2,-25.746,0.1395,0.8487,0.9264,NA,1.1924,1.2579,NA,NA,NA,NA,NA,NA,NA,NA,3.42,-18.324,1.646,-18.569,1.1880871,7.4291599,8.4599084,50.7168575,28.34967213,1.07605602,41.64954465,4.3825229
STPSS5,22/07/2017,S. pistillata,1,GI,Dabaisha,12,S,1,1,38596.62109,73.3291,11902.70313,10,1,0.0901,0.1077,0.1028,150,165,235,140,160,205,142,165,119,131,122,115,3,10,10,0,0.206,0.063,0.063,0.002,0.209,0.11,0.079,2,5,STC.2017.09.14,-363.3,1404.1,-1382.8,1050.2,-25.746,0.1395,0.942,1.0557,NA,1.3097,1.3528,NA,NA,NA,NA,NA,NA,NA,NA,3.603,-17.286,1.785,-18.07,1.0939214,7.0464647,8.5264854,50.1589766,28.34967213,1.07605602,41.64954465,4.3825229
STPSS6,22/07/2017,S. pistillata,1,GI,Dabaisha,12,S,1,1,48017.875,83.0381,20035.50977,10,1,0.0893,0.1067,0.1023,210,205,160,190,190,170,96,97,84,64,61,76,3,10,10,0,0.259,0.079,0.08,0.001,0.125,0.064,0.049,2,5,STC.2017.09.14,-363.3,1404.1,-1382.8,1050.2,-25.746,0.1395,1.09,1.1129,NA,1.2675,1.3335,NA,NA,NA,NA,NA,NA,NA,NA,3.623,-17.92,2.294,-18.258,1.4072518,7.4054576,8.6449494,50.7421239,28.34967213,1.07605602,41.64954465,4.3825229
STPDS2,21/07/2017,S. pistillata,1,GI,Guiwan ,40,S,1,1,25326.44141,37.2393,12197.3252,10,1,0.0894,0.1058,0.1017,165,140,120,180,200,125,76,93,91,100,72,93,3,10,10,0.001,0.24,0.074,0.075,0.001,0.155,0.088,0.056,2,5,STC.2017.09.14,-363.3,1404.1,-1382.8,1050.2,-25.746,0.1395,0.9301,0.9641,NA,0.882,0.9096,NA,NA,NA,NA,NA,NA,NA,NA,3.465,-18.253,2.137,-18.067,1.0486276,6.5825404,8.3279892,49.0361205,28.34967213,1.07605602,19.06912032,4.17121641
STPDS3,21/07/2017,S. pistillata,1,GI,Guiwan ,40,S,1,1,11296.55469,24.2992,5530.179688,10,1,0.0908,0.1081,0.1034,115,105,155,165,115,155,63,54,43,55,62,63,3,10,10,0,0.218,0.065,0.069,0,0.112,0.062,0.038,2,5,STC.2017.09.14,-363.3,1404.1,-1382.8,1050.2,-25.746,0.1395,0.8873,0.891,NA,0.885,0.9495,NA,NA,NA,NA,NA,NA,NA,NA,3.635,-19.009,1.55,-18.68,1.7043614,10.3409225,7.588306,50.0654353,28.34967213,1.07605602,19.06912032,4.17121641
STPDS4,21/07/2017,S. pistillata,1,GI,Guiwan ,40,S,1,1,7875.814453,14.1611,4264.679199,10,1,0.09,0.1066,0.1021,190,235,250,150,220,230,77,88,78,82,80,103,3,10,10,0,0.34,0.101,0.106,0.001,0.104,0.042,0.034,2,5,STC.2017.09.14,-363.3,1404.1,-1382.8,1050.2,-25.746,0.1395,1.2162,1.2359,NA,1.2716,1.3714,NA,NA,NA,NA,NA,NA,NA,NA,3.159,-18.407,2.019,-17.692,1.5102183,7.5336518,7.6491994,49.8967435,28.34967213,1.07605602,19.06912032,4.17121641
STPDS5,21/07/2017,S. pistillata,1,GI,Guiwan ,40,S,1,1,13659.28027,26.3525,6998.774902,10,1,0.0914,0.1098,0.1051,210,155,230,250,215,300,99,95,84,74,78,78,3,10,10,0.001,0.28,0.087,0.086,0.004,0.43,0.264,0.162,2,5,STC.2017.09.14,-363.3,1404.1,-1382.8,1050.2,-25.746,0.1395,1.5296,1.3812,NA,1.4196,1.5274,NA,NA,NA,NA,NA,NA,NA,NA,3.437,-17.648,1.917,-17.501,1.1716889,7.1322521,8.4421146,48.5154761,28.34967213,1.07605602,19.06912032,4.17121641
STPDS6,21/07/2017,S. pistillata,1,GI,Guiwan ,40,S,1,1,9826.046875,13.8728,5204.506836,10,1,0.0902,0.1077,0.1033,270,195,220,245,265,295,68,99,65,63,67,88,3,10,10,0,0.26,0.082,0.092,0.001,0.146,0.086,0.066,2,5,STC.2017.09.14,-363.3,1404.1,-1382.8,1050.2,-25.746,0.1395,0.9673,0.9773,NA,1.0585,1.1572,NA,NA,NA,NA,NA,NA,NA,NA,3.27,-17.826,1.983,-17.373,1.2911428,7.6279518,7.2786014,48.9520594,28.34967213,1.07605602,19.06912032,4.17121641
STPDS7,21/07/2017,S. pistillata,1,GI,Guiwan ,40,S,1,1,5046.212402,6.9341,4016.713867,10,1,0.0898,0.1064,0.1017,225,195,185,205,195,180,57,75,50,78,80,90,3,10,10,0.001,0.294,0.087,0.088,0.001,0.346,0.225,0.119,2,5,STC.2017.09.14,-363.3,1404.1,-1382.8,1050.2,-25.746,0.1395,0.9636,0.9688,NA,0.8788,0.9455,NA,NA,NA,NA,NA,NA,NA,NA,3.403,-19.262,1.672,-19.466,0.9002981,5.791158,8.2661963,49.1795591,28.34967213,1.07605602,19.06912032,4.17121641
STPS1,8/2/2017,S. pistillata,1,GI,Guiwan ,10,w,1,1,11947.4707,18.6059,4633.942383,10,1,0.0905,0.0961,0.094,165,140,110,155,105,95,56,66,45,47,66,56,3,10,10,0,0.224,0.065,0.061,0.002,0.265,0.172,0.083,2,5,STC.2017.06.19,-68.026,242.91,-93.412,641.93,0.2224,0.0929,0.8968,0.9417,NA,0.6135,0.6371,NA,NA,NA,NA,NA,NA,NA,NA,3.346,-18.286,1.727,-18.592,0.5599697,3.3799253,8.1141132,49.7332001,25.10322581,0.186429381,23.55455652,5.33163119
STPS2,8/2/2017,S. pistillata,1,GI,Guiwan ,10,w,1,1,9168.082031,17.1569,4266.274902,10,1,0.0899,0.0966,0.0951,105,110,78,63,87,90,43,48,66,85,60,64,3,10,10,0.002,0.094,0.03,0.029,0.002,0.08,0.045,0.027,2,5,STC.2017.06.19,-68.026,242.91,-93.412,641.93,0.2224,0.0929,0.6573,0.6529,NA,0.7095,0.7265,NA,NA,NA,NA,NA,NA,NA,NA,3.523,-17.593,2.054,-17.629,0.5029188,3.1929784,7.8261773,50.2313744,25.10322581,0.186429381,23.55455652,5.33163119
STPS3,8/2/2017,S. pistillata,1,GI,Guiwan ,10,w,1,1,3621.820068,5.9938,1695.860229,10,1,0.0903,0.0996,0.0966,108,86,88,104,89,73,66,46,41,44,49,49,3,10,10,0,0.101,0.032,0.03,0.016,0.979,0.533,0.313,2,5,STC.2017.06.19,-68.026,242.91,-93.412,641.93,0.2224,0.0929,0.6649,0.7239,NA,0.5545,0.562,NA,NA,NA,NA,NA,NA,NA,NA,3.631,-18.746,2.146,-18.541,0.5229015,3.2599092,7.9678761,48.8501907,25.10322581,0.186429381,23.55455652,5.33163119
STPS4,8/2/2017,S. pistillata,1,GI,Guiwan ,10,w,1,1,9763.099609,16.5694,3263.206055,10,1,0.0897,0.098,0.096,115,101,84,117,135,99,94,61,96,93,106,101,3,10,10,0,0.165,0.048,0.046,0.003,0.612,0.379,0.191,2,5,STC.2017.06.19,-68.026,242.91,-93.412,641.93,0.2224,0.0929,0.9343,1.0051,NA,0.6279,0.6436,NA,NA,NA,NA,NA,NA,NA,NA,3.236,-18.528,2.058,-18.73,0.5457904,3.342308,8.6494453,49.2089858,25.10322581,0.186429381,23.55455652,5.33163119
STPS5,8/2/2017,S. pistillata,1,GI,Guiwan ,10,w,1,1,6923.734863,11.7336,3271.302734,10,1,0.0904,0.0979,0.0961,190,180,181,171,197,223,112,112,132,102,94,71,3,10,10,0.001,0.178,0.058,0.054,0.001,0.146,0.084,0.042,2,5,STC.2017.06.19,-68.026,242.91,-93.412,641.93,0.2224,0.0929,1.1144,1.0982,NA,0.8929,0.9257,NA,NA,NA,NA,NA,NA,NA,NA,3.533,-17.663,2.054,-17.776,0.8076731,5.0678049,8.0224287,50.2454077,25.10322581,0.186429381,23.55455652,5.33163119
STPS6,8/2/2017,S. pistillata,1,GI,Guiwan ,10,w,1,1,14124.57227,22.4024,6285.983398,10,1,0.0905,0.1014,0.0988,182,192,176,164,182,208,90,90,79,96,68,82,3,10,10,0.001,0.237,0.073,0.067,0.001,0.107,0.056,0.033,2,5,STC.2017.06.19,-68.026,242.91,-93.412,641.93,0.2224,0.0929,1.0368,1.1014,NA,1.0184,1.0513,NA,NA,NA,NA,NA,NA,NA,NA,3.232,-17.794,1.862,-18.355,0.8248076,5.7964179,7.5367555,48.557182,25.10322581,0.186429381,23.55455652,5.33163119
STPD1,9/2/2017,S. pistillata,1,GI,Guiwan ,32,w,1,1,3502.915527,6.7935,2993.611328,10,1,0.0903,0.0992,0.0976,76,99,91,99,95,85,39,40,32,45,41,41,3,10,10,0,0.116,0.034,0.036,0.001,0.054,0.027,0.017,2,5,STC.2017.06.19,-68.026,242.91,-93.412,641.93,0.2224,0.0929,0.6143,0.6287,NA,0.458,0.4769,NA,NA,NA,NA,NA,NA,NA,NA,3.569,-19.068,2.308,-18.617,0.8449851,5.1318194,8.7509574,48.9432006,25.10322581,0.186429381,10.86563051,3.228583778
STPD2,10/2/2017,S. pistillata,1,GI,Guiwan ,40,w,1,1,9038.033203,23.0226,4447.173828,10,1,0.0915,0.0989,0.098,127,127,107,96,126,116,41,45,39,58,39,34,3,10,10,0,0.154,0.045,0.046,0.001,0.076,0.036,0.023,2,5,STC.2017.06.19,-68.026,242.91,-93.412,641.93,0.2224,0.0929,0.6992,0.7152,NA,0.5646,0.59,NA,NA,NA,NA,NA,NA,NA,NA,3.453,-18.467,2.318,-18.427,0.5743804,3.2255413,8.5177705,50.0938523,25.10322581,0.186429381,8.22187065,2.703807284
STPD3,10/2/2017,S. pistillata,1,GI,Guiwan ,40,w,1,1,8874.916992,17.4287,4537.963379,10,1,0.0916,0.0974,0.0965,86,66,58,83,92,96,29,17,31,34,16,28,3,10,10,-0.001,0.1,0.03,0.03,0.001,0.06,0.03,0.02,2,5,STC.2017.06.19,-68.026,242.91,-93.412,641.93,0.2224,0.0929,0.528,0.547,NA,0.4545,0.4708,NA,NA,NA,NA,NA,NA,NA,NA,3.395,-18.468,2.253,-18.139,0.5561571,2.9632925,8.8212147,49.5844817,25.10322581,0.186429381,8.22187065,2.703807284
STPD4,10/2/2017,S. pistillata,1,GI,Guiwan ,40,w,1,1,10998.25684,21.5836,6811.491699,10,1,0.0896,0.0993,0.0974,145,155,145,137,140,115,54,75,71,90,58,97,3,10,10,0,0.222,0.065,0.069,0.001,0.068,0.031,0.021,2,5,STC.2017.06.19,-68.026,242.91,-93.412,641.93,0.2224,0.0929,0.8963,0.949,NA,0.819,0.8448,NA,NA,NA,NA,NA,NA,NA,NA,3.385,-19.218,1.441,-19.006,0.8090214,4.2940916,9.2138481,49.1819156,25.10322581,0.186429381,8.22187065,2.703807284
STPD5,10/2/2017,S. pistillata,1,GI,Guiwan ,40,w,1,1,10813.6377,20.7331,6432.426758,10,1,0.0907,0.099,0.0976,99,135,147,132,108,111,38,71,63,62,58,51,3,10,10,0,0.164,0.048,0.048,0.002,0.037,0.016,0.013,2,5,STC.2017.06.19,-68.026,242.91,-93.412,641.93,0.2224,0.0929,0.8096,0.8157,NA,0.6922,0.7196,NA,NA,NA,NA,NA,NA,NA,NA,3.535,-18.483,1.68,-18.163,0.9673054,5.7691514,9.0673973,49.7144063,25.10322581,0.186429381,8.22187065,2.703807284
STPD6,10/2/2017,S. pistillata,1,GI,Guiwan ,40,w,1,1,5448.519531,11.5916,3905.010742,10,1,0.0893,0.0973,0.0953,128,117,127,89,110,119,33,45,30,36,28,55,3,10,10,0,0.128,0.039,0.041,0.001,0.07,0.026,0.021,2,5,STC.2017.06.19,-68.026,242.91,-93.412,641.93,0.2224,0.0929,0.681,0.6857,NA,0.5536,0.574,NA,NA,NA,NA,NA,NA,NA,NA,3.538,-18.265,2.483,-18.01,0.8938038,5.1087637,8.6423881,49.287929,25.10322581,0.186429381,8.22187065,2.703807284
STPD7,10/2/2017,S. pistillata,1,GI,Guiwan ,40,w,1,1,24555.88867,44.1367,10176.4375,10,1,0.0915,0.0988,0.0973,89,74,86,84,72,80,68,89,85,94,73,114,3,10,10,0.003,0.165,0.049,0.048,0.001,0.076,0.03,0.023,2,5,STC.2017.06.19,-68.026,242.91,-93.412,641.93,0.2224,0.0929,0.9351,0.9556,NA,0.7636,0.7897,NA,NA,NA,NA,NA,NA,NA,NA,3.636,-18.345,1.313,-18.564,1.0700203,6.2297768,9.1045857,49.5666673,25.10322581,0.186429381,8.22187065,2.703807284
STPSBA1,2/10/2017,S. pistillata,1,NT,Bitou,10,S,1,1,9871.623047,16.5421,6085.719238,10,1,0.0872,0.1041,0.0996,340,320,270,360,360,420,31,50,36,30,32,30,3,10,10,0.003,0.345,0.105,0.116,0.007,0.048,0.021,0.02,3,5,STC.2017.12.25b,-9.2479,-1.367,202.76,683.57,-0.9505,0.0811,0.8487,0.8312,NA,0.7049,0.7237,NA,NA,NA,NA,NA,NA,NA,NA,6.136,-16.899,4.34,-17.399,1.1262453,7.7532844,8.3265341,49.0281663,28.61901639,0.356364537,22.1440168,3.455177367
STPSBA2,2/10/2017,S. pistillata,1,NT,Bitou,10,S,1,1,20788.08789,29.1334,9492.601563,10,1,0.086,0.1036,0.099,270,320,260,300,240,345,37,55,36,51,45,62,3,10,10,0.002,0.311,0.09,0.1,0.008,0.083,0.041,0.031,3,5,STC.2017.12.25b,-9.2479,-1.367,202.76,683.57,-0.9505,0.0811,0.8249,0.8255,NA,0.8954,0.9242,NA,NA,NA,NA,NA,NA,NA,NA,6.016,-16.151,4.049,-16.531,1.0367161,7.0387829,8.4763997,49.0611789,28.61901639,0.356364537,22.1440168,3.455177367
STPSBA3,2/10/2017,S. pistillata,1,NT,Bitou,10,S,1,1,8723.800781,12.2849,5392.630371,10,1,0.0866,0.1054,0.1,450,295,325,300,385,355,58,78,48,88,59,69,3,10,10,0.004,0.375,0.108,0.12,0.005,0.133,0.064,0.041,3,5,STC.2017.12.25b,-9.2479,-1.367,202.76,683.57,-0.9505,0.0811,1.0003,0.9817,NA,1.2393,1.2705,NA,NA,NA,NA,NA,NA,NA,NA,5.85,-15.883,4.589,-15.777,1.0850273,7.4142674,8.115398,48.2461491,28.61901639,0.356364537,22.1440168,3.455177367
STPSLA6,17/11/2017,S. pistillata,1,NT,Longdong,10,S,1,1,7724.878418,11.6436,4657.547363,10,1,0.0864,0.1052,0.1004,245,230,240,185,195,230,64,88,65,76,65,67,3,10,10,0.003,0.412,0.118,0.13,0.003,0.136,0.042,0.044,3,5,STC.2017.12.25b,-9.2479,-1.367,202.76,683.57,-0.9505,0.0811,1.0363,1.0726,NA,0.9931,1.027,NA,NA,NA,NA,NA,NA,NA,NA,5.136,-17.998,4.022,-18.94,1.1087371,6.5647321,9.0072865,49.4962382,27.54295082,1.263945337,19.65355719,2.116119815
STPSLA7,17/11/2017,S. pistillata,1,NT,Longdong,10,S,1,1,5527.942383,9.4112,4648.873047,10,1,0.0872,0.1062,0.1006,405,475,495,580,480,550,112,117,90,137,89,83,3,10,10,0.005,0.679,0.194,0.215,0.009,0.142,0.063,0.047,3,5,STC.2017.12.25b,-9.2479,-1.367,202.76,683.57,-0.9505,0.0811,1.2524,1.3263,NA,1.3959,1.4379,NA,NA,NA,NA,NA,NA,NA,NA,4.937,-18.198,3.472,-19.254,1.4109746,9.809249,7.9421871,49.5673105,27.54295082,1.263945337,19.65355719,2.116119815
STPSLA8,17/11/2017,S. pistillata,1,NT,Longdong,10,S,1,1,6189.641113,11.8339,4288.771973,10,1,0.0862,0.1055,0.1,345,325,285,350,395,315,92,108,71,102,63,98,3,10,10,0.004,0.613,0.174,0.191,0.012,0.122,0.044,0.046,3,5,STC.2017.12.25b,-9.2479,-1.367,202.76,683.57,-0.9505,0.0811,1.1248,1.1787,NA,1.2065,1.2421,NA,NA,NA,NA,NA,NA,NA,NA,5.261,-17.961,3.715,-18.849,1.431045,7.6279391,8.0086316,49.4742425,27.54295082,1.263945337,19.65355719,2.116119815
