"","spe","dens","Sc","Cc","chla","chlb","chlc","chlca","Spro","Hpro","H13C","H15N","S13C","S15N","HCN","SCN","SST","SST_sd","light","light_sd","partition"
"1","A. muricata",0.00156010171268511,932727.272727271,57662.3376623376,5.12771038961038,0,1.60675714285714,0.313347872787961,75.5661914560403,191.628713462387,-13.839,6.063,-14.106,5.136,8.30991338906061,8.27158447310991,28.61901639,0.356364537,22.1440168,3.455177367,"3"
"2","A. muricata",0.0016284246784245,857857.142857142,11785.7142857143,4.73826964285714,0,1.4737125,0.311023350522399,59.6473907410372,175.050694317657,-14.137,5.669,-15.065,5.105,9.70829376522439,8.31060837814115,28.61901639,0.356364537,22.1440168,3.455177367,"3"
"3","A. muricata",0.0015994415418824,774074.074074074,50370.3703703704,3.72497407407407,0,1.33761481481481,0.359093724738825,92.9624732824398,203.881004995989,-15.411,5.235,-15.041,4.926,9.4978277697092,8.81191488307815,28.61901639,0.356364537,22.1440168,3.455177367,"3"
"4","A. muricata",0.00170158945431902,19333.3333333333,20666.6666666666,2.47781,0.134273333333333,0.907189999999999,0.366125731997207,60.269422030594,238.910042071586,-18.028,5.079,-18.549,4.05,6.13556663834726,7.33552803569018,27.54295082,1.263945337,20.80831681,2.063311939,"3"
"5","A. muricata",0.0015583421150582,165517.24137931,191034.482758621,1.66745172413793,0,0.453368965517241,0.271893308186558,57.4428531495387,144.841748356367,-15.898,2.749,-15.975,2.742,6.86303388603379,6.97169061721376,25.10322581,0.186429381,23.55455652,5.33163119,"1"
"6","A. muricata",0.0017535648309179,793333.333333335,68888.888888889,4.91254666666668,0,1.54746666666667,0.315002944840558,99.2976927184583,167.72851432416,-17.315,3.042,-17.455,3.197,7.65561224696496,6.88450470155964,25.10322581,0.186429381,23.55455652,5.33163119,"3"
"7","A. muricata",0.00149564307789537,713414.634146342,156097.56097561,3.66318292682927,0.0258719512195123,1.18680487804878,0.323981876350368,95.2128384230479,239.191497462866,-16.808,3.094,-16.982,2.817,6.56049844411809,6.75086161846971,25.10322581,0.186429381,23.55455652,5.33163119,"2"
"8","A. muricata",0.00171585124597517,518596.491228071,128070.175438597,1.40992456140351,0.0835964912280704,0.587177192982457,0.416460007192123,71.9186051735385,244.462849645462,-14.613,3.167,-14.864,2.501,7.7195990973099,8.24416740964692,28.34967213,1.07605602,44.06271592,4.294457341,"3"
"9","A. muricata",0.00169327555925297,28235.2941176471,38039.2156862746,1.18725294117647,0.0108627450980393,0.374033333333334,0.315040982726644,43.355725359006,178.051959158838,-16.349,2.052,-16.182,2.602,6.41513058116146,7.30441407369073,28.34967213,1.07605602,44.06271592,4.294457341,"1"
"10","A. muricata",0.00130747013178458,480000,203225.806451613,1.29136774193548,0.0279016129032258,0.492048387096775,0.381028866618039,68.7514570098225,284.169703869584,-15.555,2.854,-15.316,2.705,7.92967846806371,8.18990085554324,28.34967213,1.07605602,44.06271592,4.294457341,"3"
"11","A. muricata",0.00113181303066891,443116.883116883,207792.207792208,0.870843506493507,0,0.240811038961039,0.276526192324355,64.1367464216192,231.060603607668,-13.749,2.868,-14.676,2.839,7.99160211610758,7.93916728880324,28.34967213,1.07605602,44.06271592,4.294457341,"1"
"12","A. muricata",0.00171070221364157,340000.000000001,139024.390243903,3.63964878048781,0,1.24167804878049,0.341153260566552,48.3139447318296,162.187937522527,-14.273,3.236,-14.654,2.826,9.22614317918207,8.04615225286709,28.34967213,1.07605602,44.06271592,4.294457341,"3"
"13","A. muricata",0.0013102367927136,509090.90909091,171515.151515152,2.38807272727273,0,0.844224242424243,0.353516973240752,93.1767670550653,265.954746522691,-14.589,3.453,-14.716,2.617,7.2988027997202,8.00972197951385,28.34967213,1.07605602,44.06271592,4.294457341,"3"
"14","C. microphthalma",0.00158253926989071,308620.689655172,65862.0689655171,4.05730517241378,0.674886781609194,0.899204022988504,0.221625927746901,43.6006798058882,185.783803860555,-16.519,3.107,-15.34,4.185,7.65916688943233,9.43036590106374,25.10322581,0.186429381,23.55455652,5.33163119,"1"
"15","C. microphthalma",0.00180063160600653,257741.935483871,41612.9032258065,4.14849462365592,0.911562903225807,0.854923655913979,0.206080454109536,51.7756349188802,156.312525905445,-16.277,2.339,-16.789,2.197,7.70178020686012,8.47866161196689,25.10322581,0.186429381,23.55455652,5.33163119,"1"
"16","C. microphthalma",0.00186478725453208,297551.020408163,41632.6530612245,5.51530136054422,1.63524761904762,0.947710884353741,0.171833019158943,63.1450478497262,148.308499820005,-14.661,-0.123,-15.207,3.612,7.85674924961414,7.66895329456035,25.10322581,0.186429381,23.55455652,5.33163119,"1"
"17","C. microphthalma",0.00203266488983791,523437.5,135625,5.01079024621212,1.84315625,0.915829071969697,0.182771384745552,69.8963612865578,166.740036058425,-13.474,3.216,-14.44,3.25,10.8537609475319,7.84643567773413,25.10322581,0.186429381,23.55455652,5.33163119,"1"
"18","C. microphthalma",0.00066861699240607,358823.529411765,37058.8235294118,3.34232664884135,0.906897504456328,0.851450534759358,0.25474785208517,77.2562214057847,148.48817688151,-15.71,0.356,-15.604,3.362,9.07953147925753,7.9075946965251,25.10322581,0.186429381,23.55455652,5.33163119,"1"
"19","C. microphthalma",0.00162708083081579,312727.272727272,39636.3636363636,2.94048848484848,0.816145454545454,0.614119999999999,0.208849653098248,43.2899314951732,123.875972011161,-19.319,1.371,-18.853,1.954,8.08001796501491,7.93773632549768,25.10322581,0.186429381,8.22187065,2.703807284,"1"
"20","C. microphthalma",0.00185197288805994,341777.777777777,28888.8888888889,4.02086222222222,1.46700148148148,0.594562962962962,0.147869519049167,41.0731253262019,90.2578964158153,-17.415,2.442,-17.507,3.243,7.76779773750723,7.7030031251487,25.10322581,0.186429381,8.22187065,2.703807284,"1"
"21","C. microphthalma",0.00164006233870589,233000,59666.6666666666,3.527665,1.52988944444444,0.705069444444444,0.199868594224351,40.6092026986892,95.7049748359878,-13.999,1.83,-14.101,2.702,9.67248672278623,9.48588820364109,28.34967213,1.07605602,44.06271592,4.294457341,"1"
"22","C. microphthalma",0.00147574210018677,360655.737704918,22295.0819672131,3.02514207650273,0.718555737704919,0.580310382513662,0.191829133256624,48.261230292062,180.63644668616,-17.688,-2.277,-16.573,2.908,8.28341800057879,7.50060229881392,28.34967213,1.07605602,44.06271592,4.294457341,"1"
"23","C. microphthalma",0.0019816152232523,302857.142857143,39183.6734693877,4.51149659863945,2.56537482993197,0.378240816326531,0.0838393220645668,24.9776416958651,78.8228184967003,-17.461,2.881,-17.461,3.726,94.1645069845348,9.67279025592946,28.34967213,1.07605602,19.06912032,4.17121641,"1"
"24","C. microphthalma",0.00133654353734621,564935.064935065,17922.0779220779,5.04120173160173,0.179801731601732,1.42692467532468,0.283052484565283,79.2304409227756,245.342068033401,-16.227,4.181,-16.483,3.897,9.35933863839515,9.38698193798563,21.37372881,0.778337969,19.68947976,3.481554209,"3"
"25","C. microphthalma",0.00135188800237125,370329.67032967,30769.2307692308,3.70539706959707,0.514868864468865,0.89307326007326,0.241019583947146,72.6984527389253,224.705791785171,-16.698,5.101,-15.556,4.715,7.67592505636403,7.62627295772932,21.37372881,0.778337969,26.51688468,2.57150626,"3"
"26","C. microphthalma",0.00136844674372957,329850.746268657,38507.4626865672,3.08394179104478,0.284068656716418,0.853393532338309,0.27672167315752,53.2855497377629,214.005171950877,-16.879,4.731,-16.742,4.14,9.90326391024814,8.8742925638406,21.37372881,0.778337969,19.68947976,3.481554209,"3"
"27","C. microphthalma",0.00163558868260985,564000.000000001,34400,4.11800767676768,0.737324848484849,0.970841616161617,0.23575517394947,65.565113540067,270.544055758385,-16.515,5.119,-16.987,3.6,10.7748752969313,9.1027836104844,21.37372881,0.778337969,19.68947976,3.481554209,"3"
"28","C. microphthalma",0.0014858042375548,377049.180327869,20000,3.53229836065574,0.701850819672132,0.829899453551914,0.234946023471769,51.9811767789504,218.148978531205,-16.721,4.552,-16.375,4.994,8.76623365368666,10.2057268167199,21.37372881,0.778337969,19.68947976,3.481554209,"3"
"29","C. microphthalma",0.00336099082742427,415887.85046729,63738.3177570093,2.95196853582554,0.787547040498442,0.748959813084112,0.253715378058614,36.0101728580155,140.683257056075,-16.452,2.747,-16.225,4.203,7.26939255471111,9.03926861291525,21.37372881,0.778337969,19.68947976,3.481554209,"1"
"30","C. microphthalma",0.00150705997084582,384615.384615385,32000,4.69189641025642,1.04329333333333,1.0704317948718,0.228144805697723,46.8200088564652,209.292430304489,-16.487,5.185,-16.817,4.449,9.09663433405769,8.10692306981203,28.61901639,0.356364537,22.1440168,3.455177367,"3"
"31","C. microphthalma",0.00105202834399468,469811.320754717,44905.6603773585,3.72053522012579,0.59388176100629,1.00217672955975,0.269363591597949,49.8557754466731,177.947051893111,-15.322,4.936,-15.146,4.652,8.61742923635187,8.09137146416829,28.61901639,0.356364537,22.1440168,3.455177367,"3"
"32","C. microphthalma",0.00107286320927822,593548.387096773,46451.6129032257,4.42820268817203,0.297178494623655,1.20189193548387,0.271417552474322,62.1101283460462,268.697608927704,-14.808,5.51,-14.218,4.564,8.94778617266025,8.01971215783518,28.61901639,0.356364537,22.1440168,3.455177367,"3"
"33","C. microphthalma",0.00159996607885992,357200,39600,2.87182733333333,0.258785333333333,0.60289,0.20993253772685,41.6393264273298,130.88189614448,-14.819,5.818,-14.674,4.651,8.79933655327711,8.54004990579785,28.61901639,0.356364537,22.1440168,3.455177367,"1"
"34","C. microphthalma",0.00194456319321275,713114.754098361,80327.8688524591,1.93849672131148,0.266895081967214,0.683114207650274,0.352393790580217,53.9997083228568,157.975749766966,-17.772,2.917,-17.308,4.24,10.2168109641364,8.832763362977,28.61901639,0.356364537,22.1440168,3.455177367,"3"
"35","I. palifera",0.00151559832127074,208823.529411765,8529.41176470588,1.86020049019608,0.267952941176471,0.577168137254902,0.310272005784744,65.7863459682211,160.704791736829,-14.161,3.265,-14.399,3.218,7.4632285585338,6.95702005730659,28.34967213,1.07605602,44.06271592,4.294457341,"1"
"36","I. palifera",0.00164948805395499,184057.971014493,12753.6231884058,1.28560628019324,0.145792270531401,0.480702898550725,0.37391144237291,48.4885629906534,145.753623050854,-11.647,2.647,-12.203,2.141,11.4090909090909,7.96317280453258,28.34967213,1.07605602,44.06271592,4.294457341,"1"
"37","I. palifera",0.00147152629272823,206060.606060606,20909.0909090909,1.16957323232323,0.00840959595959591,0.409383333333333,0.350027960643505,55.6964165448819,206.626272820384,-12.73,3.863,-13.417,2.66,7.02534471235038,6.84173669467787,28.34967213,1.07605602,44.06271592,4.294457341,"1"
"38","I. palifera",0.00153879348208979,232203.389830508,23389.8305084746,2.26202711864407,0.743712429378531,0.42204406779661,0.18657781081316,48.8886269468408,147.273186102524,-14.322,3.095,-14.969,2.473,10.6365015147173,8.52647975077882,28.34967213,1.07605602,44.06271592,4.294457341,"1"
"39","I. palifera",0.00148518322187434,214035.087719298,31228.0701754386,1.6958134502924,0.727384210526316,0.405369005847954,0.23904103707755,55.0564782979026,170.49938195514,-12.683,3.513,-12.662,2.208,7.85559281103237,7.77329624478442,28.34967213,1.07605602,44.06271592,4.294457341,"1"
"40","I. palifera",0.00147942376195907,229230.769230769,32000,1.51263641025641,0.148020512820513,0.515314358974359,0.340672983593597,51.2521071969934,211.783070295686,-11.905,2.946,-11.968,2.195,12.6692429581399,9.55628058727569,28.34967213,1.07605602,44.06271592,4.294457341,"1"
"41","I. palifera",0.00154557950931999,299999.999999999,14516.129032258,1.9876505376344,0.0449548387096772,0.639437634408601,0.321705260709272,50.8805333431362,148.609660123064,-14.322,3.825,-14.612,3.377,7.96768023517818,15.2596685082873,28.34967213,1.07605602,19.06912032,4.17121641,"1"
"42","I. palifera",0.00105895099045525,231250,38250,1.41371375,0.265135,0.41490625,0.293486747228709,51.7258966812386,127.941345117731,-14.505,4.456,-14.076,4.043,10.5581360451053,12.395793499044,28.34967213,1.07605602,19.06912032,4.17121641,"1"
"43","I. palifera",0.00181388809847772,201470.588235294,23235.2941176471,2.58183676470588,0.515219607843137,0.651280882352941,0.252254864155648,43.4476559252909,133.921628417108,-13.956,4.436,-14.559,3.436,8.71626583656577,9.07448494453249,28.34967213,1.07605602,19.06912032,4.17121641,"1"
"44","I. palifera",0.00146680259823483,182142.857142857,41071.4285714286,2.77953095238096,0.942175000000001,0.466114285714286,0.167695303164374,39.9204481263316,100.832358584916,-14.609,4.445,-14.991,3.355,8.44345001588337,8.14947683109118,28.34967213,1.07605602,19.06912032,4.17121641,"1"
"45","I. palifera",0.00199894923717086,249090.909090909,8727.27272727274,2.86460121212122,0.867243636363638,0.733760000000002,0.256147346756395,54.6091162989421,95.0591138925628,-13.842,3.756,-14.536,3.511,9.16977900164768,8.52713178294574,28.34967213,1.07605602,19.06912032,4.17121641,"1"
"46","I. palifera",0.00169379049690952,204225.352112676,28450.7042253521,2.90234507042254,0.747775586854461,0.681705633802817,0.23488097288982,57.4582925272571,154.787005789414,-14.04,4.735,-14.747,3.497,9.07056533649871,7.85774058577406,28.34967213,1.07605602,19.06912032,4.17121641,"1"
"47","I. palifera",0.00148514376398702,329508.196721311,8524.59016393441,2.52902131147541,0.0959442622950819,0.796283606557376,0.314858401131002,52.2108765945936,189.313610350004,-17.06,4.06,-17.671,1.914,6.53054913182153,7.59644322845417,25.10322581,0.186429381,10.86563051,3.228583778,"1"
"48","I. palifera",0.00161797260467203,415555.555555555,22222.2222222222,4.06221185185185,0.181412592592593,1.23759703703704,0.304660879878249,78.61229024395,270.382030601014,-15.58,3.105,-16.424,2.305,7.86623990610215,7.72987721691678,25.10322581,0.186429381,10.86563051,3.228583778,"3"
"49","I. palifera",0.0015782783804252,419672.131147541,30163.9344262295,3.8679,0.0569316939890711,1.19595683060109,0.309200556012589,61.2542334196408,306.150576028214,-16.798,2.942,-17.877,3.064,7.38348477743689,7.6803840877915,25.10322581,0.186429381,10.86563051,3.228583778,"3"
"50","I. palifera",0.00147339584497542,340909.090909091,26363.6363636364,4.35557424242424,0.156368181818182,1.26830151515152,0.291190425087462,132.612271817748,224.113431529393,-15.019,3.091,-16.508,2.907,7.01777555031176,7.01783439490446,25.10322581,0.186429381,10.86563051,3.228583778,"3"
"51","I. palifera",0.00170820762492159,521739.130434783,17826.0869565218,4.36300579710146,0.675659420289856,1.40422028985507,0.321846991536881,102.763389904825,222.172162629273,-14.936,3.186,-16.429,3.763,9.60796593844227,6.76687116564417,25.10322581,0.186429381,10.86563051,3.228583778,"3"
"52","I. palifera",0.00139341881995046,426666.666666666,29777.7777777777,3.74475185185185,0.714166666666666,1.07774444444444,0.287801298211917,65.2830914101196,163.90923856143,-16.206,3.422,-17.287,2.852,6.86905647975014,6.91270860077022,25.10322581,0.186429381,8.22187065,2.703807284,"1"
"53","I. palifera",0.00159238720993355,388888.888888889,44444.4444444444,3.85999333333333,1.0836962962963,1.06249851851852,0.27525915895844,74.9805713120045,239.973549756061,-12.817,2.399,-14.117,3.332,10.98952919454,7.11479591836735,25.10322581,0.186429381,23.55455652,5.33163119,"3"
"54","I. palifera",0.00145399588378678,360655.737704918,41967.213114754,3.22933060109289,0.775403825136611,0.818180874316939,0.253359279486605,70.7707631991923,154.591583584672,-16.95,2.764,-18.149,3.102,6.33670540950127,6.82808398950131,25.10322581,0.186429381,23.55455652,5.33163119,"1"
"55","I. palifera",0.00173543771620481,247368.421052631,94473.6842105262,3.04086096491228,0.660768859649122,0.873241666666665,0.287169218436088,79.4973154403679,231.6667299115,-13.467,3.155,-13.824,3.506,8.10844477825733,7.28474114441417,25.10322581,0.186429381,23.55455652,5.33163119,"3"
"56","I. palifera",0.001537259580492,334848.484848485,56969.696969697,4.0561191919192,0.580167171717173,1.05565757575758,0.260262957227862,63.3145240669564,250.46303189521,-12.891,3.578,-14.045,3.336,8.02013248922621,6.97587131367292,25.10322581,0.186429381,23.55455652,5.33163119,"3"
"57","I. palifera",0.00149663186573858,426000,50400,4.1862594047619,1.08452511904762,0.903496547619047,0.215824310025153,67.0122269358755,207.355553022783,-13.8,3.214,-14.417,3.11,7.65302468454519,7.73668639053254,25.10322581,0.186429381,23.55455652,5.33163119,"1"
"58","I. palifera",0.00156495880725258,365573.770491804,37704.9180327869,3.8511349726776,0.374613114754099,1.05856775956284,0.274871633186839,82.2578653026581,232.741219501834,-13.373,3.111,-14.323,2.432,7.70630467058197,7.62737127371274,25.10322581,0.186429381,23.55455652,5.33163119,"3"
"59","P. speciosa",0.00138777737393169,257971.014492754,36521.7391304348,3.25224154589372,0.420096618357488,0.792357487922705,0.243634267855392,60.1169017326029,161.423455465985,-17.02,0.019,-16.781,2.492,6.98125708084936,7.33570860757856,25.10322581,0.186429381,23.55455652,5.33163119,"1"
"61","P. speciosa",0.00154173681457299,179574.468085107,33191.4893617022,2.34356453900709,0.0852765957446811,0.677133333333334,0.288933085504109,54.2154804553638,107.487343289208,-18.483,2.676,-18.238,2.993,8.10362909534732,7.54526731467946,25.10322581,0.186429381,23.55455652,5.33163119,"1"
"62","P. speciosa",0.00138303594097959,385074.626865672,35223.8805970149,3.2584447761194,0.0957358208955225,0.916023880597015,0.281123033697057,99.8189268562338,166.664174497206,-17.312,1.544,-17.141,3.219,7.24965061775728,7.53386941150686,25.10322581,0.186429381,23.55455652,5.33163119,"3"
"63","P. speciosa",0.0017673347145283,370370.37037037,37037.037037037,4.60499938271605,1.30755802469136,0.906724074074074,0.196899933901681,66.3917380213929,127.632108544164,-17.71,0.209,-17.754,3.153,7.3993084498527,7.3234224868217,25.10322581,0.186429381,23.55455652,5.33163119,"1"
"64","P. speciosa",0.00216115712387952,249473.684210526,50877.1929824562,1.96428479532164,0,0.671940935672515,0.342079181833961,60.3721671676627,132.653021154887,-18.565,0.415,-17.757,3.979,7.3092669724351,7.6196823403029,25.10322581,0.186429381,8.22187065,2.703807284,"1"
"66","P. speciosa",0.00186618793018123,372463.768115942,49275.3623188406,2.71569130434782,0.0178434782608698,0.836042028985507,0.30785606141869,76.1100024071553,218.177044137355,-16.935,0.122,-17.457,3.94,7.69206153148586,7.62992606760386,25.10322581,0.186429381,8.22187065,2.703807284,"3"
"67","P. speciosa",0.00204250865673897,381250,43750,2.797465625,0,0.888357291666666,0.317557893733428,79.5526572647267,222.840275958625,-17.692,-1.782,-16.929,3.853,7.18031441705258,7.74755118595221,25.10322581,0.186429381,8.22187065,2.703807284,"3"
"68","P. speciosa",0.00150966224846265,398360.655737705,40000,3.19725628415301,0,1.03514262295082,0.323759664835577,76.4955899680588,175.01549183148,-18.502,-0.918,-17.58,3.715,7.59643055203093,7.58531374017061,25.10322581,0.186429381,8.22187065,2.703807284,"3"
"69","P. speciosa",0.00160090977399664,330136.98630137,44109.5890410959,2.2191100456621,0,0.732680821917808,0.330168764433313,63.5319754256904,179.181992621147,-18.412,-5.024,-16.981,4.265,6.56246811301351,7.62660670853967,25.10322581,0.186429381,8.22187065,2.703807284,"3"
"70","P. speciosa",0.00200495963987169,233090.909090909,25090.9090909091,2.58893333333334,1.19670060606061,0.363032727272728,0.140224826417338,62.0226304271544,157.775306440708,-18.584,1.102,-16.398,3.041,7.10969203921241,7.70277678672298,28.34967213,1.07605602,38.28045074,4.483253768,"1"
"71","P. speciosa",0.00130609527216117,365625,34375,2.25830885416667,0.309816145833333,0.6364359375,0.281819706071537,68.7369400138037,180.908469064411,-16.741,-1.669,-15.743,2.531,6.71643747037743,7.93997887081384,28.34967213,1.07605602,44.06271592,4.294457341,"1"
"72","P. speciosa",0.00140631012569931,233015.873015873,25079.3650793651,4.0131962962963,0.609246560846561,1.09827883597884,0.273666861746189,50.0102479663704,228.706560800828,-19.136,-3.654,-16.253,2.601,6.79738294978394,8.29927639090152,28.34967213,1.07605602,44.06271592,4.294457341,"1"
"73","P. speciosa",0.001191787341844,274242.424242424,24848.4848484848,2.53881818181818,0.349974747474747,0.558545454545454,0.220002148458481,60.3611563303344,202.063777986842,-16.74,-0.233,-15.361,2.408,7.95995326475689,8.89096694654195,28.34967213,1.07605602,44.06271592,4.294457341,"1"
"74","P. speciosa",0.000999274322452657,289552.23880597,47164.1791044776,1.88830447761194,0,0.619880597014925,0.328273646736708,52.56851489191,217.257345320253,-16.666,0.862,-16.512,2.814,9.06833495136556,7.45030676453388,28.34967213,1.07605602,44.06271592,4.294457341,"1"
"75","P. speciosa",0.00137659738552267,383950.617283951,25185.1851851852,1.1341164021164,0,0.432990005878895,0.381786212659372,86.3251832719046,161.001717745807,-18.373,2.171,-16.966,5.271,8.18482991012126,7.94579081657031,21.37372881,0.778337969,19.68947976,3.481554209,"3"
"76","P. speciosa",0.0012370165375793,429523.80952381,33714.2857142857,2.21598603174603,0,0.801372063492064,0.361632272050308,73.7852120078701,220.528635344832,-17.857,-0.611,-17.058,4.579,7.95509780356846,8.54568554651935,21.87770492,1.255479183,19.6115858,2.265553252,"3"
"77","P. speciosa",0.00183507930154593,279661.016949152,23050.8474576271,5.50639209039548,0,1.89177853107345,0.34356044757023,64.1517831024784,154.10693782999,-22.672,-1.878,-20.303,4.188,6.5533548066358,7.42208324270578,21.87770492,1.255479183,19.6115858,2.265553252,"3"
"78","P. speciosa",0.00172138872325208,381538.461538461,70461.5384615384,2.6109882051282,0,0.864391282051281,0.331059052796004,57.258925854167,200.960044528083,-17.759,-3.294,-15.625,5.309,6.03523074015348,7.22926315651563,21.87770492,1.255479183,19.6115858,2.265553252,"3"
"79","P. speciosa",0.00168404899454325,382812.500000001,28437.5,2.754484375,0,0.997832291666668,0.362257379538291,48.2536354079563,131.811383556296,-20.225,-0.742,-18.49,4.226,6.33861045177165,8.18043366624681,21.87770492,1.255479183,19.6115858,2.265553252,"3"
"80","P. speciosa",0.0016707586059625,333695.652173913,29347.8260869565,2.25590615942029,0,0.777117028985507,0.344481097203621,78.877209574733,184.926388635106,-17.47,-1.089,-16.143,4.725,7.98921582587041,7.81571731635465,21.87770492,1.255479183,19.6115858,2.265553252,"3"
"81","P. speciosa",0.00136596419460974,179487.179487179,54871.7948717949,4.36412008547008,0.199376495726496,1.30658846153846,0.299393333810548,39.7509160895631,140.003889957639,-19.002,0.667,-18.19,4.35,7.33497530677989,6.88885129292242,27.54295082,1.263945337,20.80831681,2.063311939,"3"
"82","P. speciosa",0.00152821267308528,220689.655172414,27758.6206896552,1.51279367816092,0,0.477318390804598,0.315521143230098,51.0845049247916,158.868006768904,-16.598,-2.804,-15.867,4.76,6.17827910619707,7.35595696192616,27.54295082,1.263945337,20.80831681,2.063311939,"3"
"83","P. speciosa",0.00162092258968672,264935.064935065,51168.8311688312,2.6471025974026,0,0.860286147186147,0.324991614616782,127.748320861362,191.211972646192,-17.029,-5.961,-16.773,4.756,5.74261309141814,6.89910533724512,27.54295082,1.263945337,20.80831681,2.063311939,"3"
"84","P. speciosa",0.00164005708370513,196938.775510204,42040.8163265306,2.83217346938775,0,0.887380952380952,0.313321539789998,91.4653521683696,186.239898968503,-18.078,0.501,-17.507,4.009,6.07885879409579,5.83427669760112,27.54295082,1.263945337,20.80831681,2.063311939,"3"
"85","P. speciosa",0.00124266837732607,352325.581395348,84651.1627906976,2.96185077519379,0,0.934541472868216,0.315526184065458,64.2208559549364,150.930028042116,-16.26,-0.248,-15.093,5.079,7.42130778902771,7.60384581128957,27.54295082,1.263945337,20.80831681,2.063311939,"3"
"86","P. speciosa",0.00146158310154139,233000,34600,3.80693,0.789253666666666,0.842414666666666,0.221284517095578,102.650870389846,189.345217558484,-16.598,-2.804,-15.929,5.067,6.17827910619707,7.17470165418818,27.54295082,1.263945337,20.80831681,2.063311939,"3"
"87","P. speciosa",0.00200046073917214,317647.058823529,27352.9411764706,1.91901666666667,0,0.7002,0.364874371422864,47.9746564156655,169.770703955126,-16.584,-0.648,-16.221,3.823,7.60441564712405,6.92721307871304,28.34967213,1.07605602,19.06912032,4.17121641,"3"
"88","P. speciosa",0.00170186983419778,317721.518987342,32911.3924050633,1.41809029535865,0,0.562715611814346,0.396812257763903,53.187387597054,180.942514018559,-17.431,5.451,-15.827,4.209,7.06242987213397,7.83904986316581,28.34967213,1.07605602,19.06912032,4.17121641,"3"
"89","P. speciosa",0.00188616742818522,210169.491525424,38305.0847457627,1.22623559322034,0,0.529756497175141,0.43201852898748,42.1844483421734,157.080808183441,-16.025,-0.58,-15.939,3.979,9.1717227155772,7.68508641745663,28.34967213,1.07605602,19.06912032,4.17121641,"3"
"90","P. speciosa",0.00200722116236047,264285.714285715,30857.1428571429,0.823701904761906,0.00634428571428575,0.329801904761905,0.400389877521572,61.8308552207459,187.95816349151,-15.582,3.332,-14.41,3.972,6.79135678284542,8.73707824672015,28.34967213,1.07605602,19.06912032,4.17121641,"3"
"91","P. speciosa",0.00174176003684375,350724.637681159,85797.1014492753,1.90278309178744,0.218857971014493,0.577742512077294,0.30363025327,75.4823171767891,191.928672228673,-17.882,-0.582,-16.852,3.436,7.77893268759667,7.95617071690962,28.34967213,1.07605602,19.06912032,4.17121641,"1"
"92","P. speciosa",0.00182113801016711,146835.443037975,20759.4936708861,1.81460084388186,0,0.707335864978903,0.389802455655066,77.0110594891867,263.267994375545,-16.781,0.203,-14.89,3.941,6.73414046438819,8.43644689718313,28.34967213,1.07605602,19.06912032,4.17121641,"3"
"93","P. lutea",0.00100815822228515,152873.563218391,30574.7126436782,0.900187739463602,0.220945812807882,0.438873015873016,0.487534984796093,38.3369196484707,68.7981290332668,-17.206,4.536,-15.607,3.934,7.6575650731493,7.07327678973306,28.34967213,1.07605602,19.06912032,4.17121641,"1"
"94","P. lutea",0.00119476414057888,194736.842105263,25789.4736842105,0.68245739348371,0.0628182957393485,0.281464912280702,0.412428548607145,68.5426098963291,74.4755392097457,-16.66,4.259,-16.817,3.627,7.12359550561798,6.22503371621622,28.34967213,1.07605602,19.06912032,4.17121641,"1"
"95","P. lutea",0.00129275311003767,202777.777777778,65277.7777777778,1.63048425925926,0.0657560185185185,0.531175925925926,0.325778015279487,108.938259579235,116.735738995613,-16.339,4.654,-17.462,4.509,7.58947368421053,6.50495664295875,28.34967213,1.07605602,19.06912032,4.17121641,"3"
"96","P. lutea",0.00135258185857369,143921.568627451,55294.1176470589,1.16379382055853,0.207303624480095,0.389318478906715,0.334525301672313,81.8793902524473,102.502578367507,-15.144,4,-13.392,3.901,7.27364875202885,7.08392603129445,28.34967213,1.07605602,19.06912032,4.17121641,"1"
"97","P. lutea",0.00136497314959339,146341.463414634,54146.3414634146,1.02056356245381,0.142147819660015,0.45259534368071,0.443475899328118,68.1337186960356,135.379529835678,-15.38,3.272,-15.49,3.443,6.71830985915493,6.50147928994083,28.34967213,1.07605602,19.06912032,4.17121641,"3"
"100","P. lutea",0.00141795421778887,274698.795180723,155662.65060241,0.68703734939759,0.100439357429719,0.342034136546185,0.497839217687492,134.801991523386,165.110199675941,-13.414,3.465,-13.697,3.522,7.02972625108304,7.17725258493353,28.34967213,1.07605602,44.06271592,4.294457341,"3"
"101","P. lutea",0.00148272850622985,195833.333333333,86111.1111111111,0.986363636363637,0.378341750841751,0.370454545454546,0.375576036866359,73.5894670661084,154.263807149491,-15.245,3.923,-14.806,3.57,6.58633831325301,5.83898305084746,28.34967213,1.07605602,44.06271592,4.294457341,"1"
"102","P. lutea",0.00131838378604716,137777.777777778,66111.1111111111,0.753742424242425,0.0794966329966331,0.395190235690236,0.524304089805527,90.4055131985433,106.131118811703,-14.015,4.238,-15.221,3.825,8.58677685950413,7.35107913669065,28.34967213,1.07605602,44.06271592,4.294457341,"3"
"103","P. lutea",0.00137376704380031,247297.297297298,56756.7567567568,1.98897502047502,0.199922194922195,0.681142915642917,0.342459260991745,155.634793913143,205.389847949747,-14.382,3.51,-14.291,3.268,8.39977012345679,7.73604826546003,28.34967213,1.07605602,44.06271592,4.294457341,"3"
"105","P. lutea",0.00120307359034789,555696.202531645,121265.82278481,3.29582941531043,0.00677576853526218,1.30557986738999,0.396130898439422,148.38435788555,211.490253453993,-14.406,6.849,-13.297,5.346,7.29103986676629,6.61336828309305,28.61901639,0.356364537,22.1440168,3.455177367,"3"
"106","P. lutea",0.00115125010145194,313580.24691358,55061.7283950617,2.93725514403292,0,1.24245884773663,0.422999973380147,120.362244950324,203.052012047837,-15.581,6.898,-14.785,5.093,6.22857142857143,6.36878453038674,28.61901639,0.356364537,22.1440168,3.455177367,"3"
"107","P. lutea",0.00114119463715432,205555.555555556,47500,2.57041787439614,0.101931964573269,1.13882447665056,0.443050325783354,91.9346189449522,202.346494829999,-14.519,6.484,-14.536,5.351,6.9609375,7.32396449704142,28.61901639,0.356364537,22.1440168,3.455177367,"3"
"108","P. lutea",0.00122570851458201,280263.157894737,78684.2105263158,2.42437324561404,0.0819504385964914,0.936232894736843,0.386175229589995,110.161271231031,162.904985475293,-13.991,6.615,-13.761,5.153,7.66666666666667,6.95692307692308,28.61901639,0.356364537,22.1440168,3.455177367,"3"
"110","P. lutea",0.0012848151300605,355769.230769231,80192.3076923076,2.45141762820513,0.0158701923076926,1.01511506410256,0.414093075134573,99.7494357376025,146.386977525955,-15.45,6.699,-14.461,4.26,7.54424422680412,7.12006319115324,28.61901639,0.356364537,22.1440168,3.455177367,"3"
"111","P. lutea",0.0012232940722661,295454.545454546,29393.9393939394,1.16231818181818,0.15222582972583,0.478808802308803,0.411942968628276,98.9620902382525,103.979446137552,-16.716,4.366,-18.41,2.925,7.56754338028169,6.99334221038615,25.10322581,0.186429381,8.22187065,2.703807284,"1"
"112","P. lutea",0.00142561464784618,288709.677419355,58709.6774193549,3.46505107526882,0.579207526881721,1.01654247311828,0.293370126741759,103.603366647333,147.760145928681,-16.353,4.676,-16.005,3.761,5.537703125,6.46896551724138,25.10322581,0.186429381,8.22187065,2.703807284,"3"
"113","P. lutea",0.00136113135880565,420689.655172414,57241.3793103448,3.17264942528736,0.331692528735632,1.04604597701149,0.329707394921754,126.833751234965,103.113357402159,-18.485,4.427,-18.288,3.157,6.26361205128205,7.1898355754858,25.10322581,0.186429381,8.22187065,2.703807284,"3"
"114","P. lutea",0.00133334997507003,272727.272727273,20000,1.81953308596166,0.221745207173779,0.729649350649351,0.401009113974818,100.864384004198,120.356764958248,-15.501,4.993,-15.843,3.277,6.29225930555556,6.56797583081571,25.10322581,0.186429381,8.22187065,2.703807284,"3"
"116","P. lutea",0.00117942966993556,257407.407407407,45925.9259259259,1.64444268077601,0.0932791005291006,0.644076719576719,0.391668695483372,59.4632516688287,91.4349463303591,-17.347,4.303,-17.245,2.914,6.36363636363636,6.41248303934871,25.10322581,0.186429381,8.22187065,2.703807284,"1"
"118","P. lutea",0.00113752080920264,295384.615384615,87076.923076923,1.51013897435897,0.0405938461538462,0.740382051282051,0.490274116391393,153.678568144223,111.568256494014,-13.823,5.064,-14.121,3.882,7.07008839913831,5.85185185185185,25.10322581,0.186429381,23.55455652,5.33163119,"3"
"120","P. lutea",0.00128704994092101,402985.074626866,100597.014925373,2.17259113523293,0.0345278154681142,0.877273179556762,0.403791199057207,161.832652406102,131.749496753505,-15.158,4.234,-16.1,4.087,6.12873955555555,6.22988505747126,25.10322581,0.186429381,23.55455652,5.33163119,"3"
"121","P. lutea",0.00115234281689553,248854.961832061,1e+05,1.69621246819338,0.103629770992367,0.622609414758269,0.367058624101144,138.57562602673,184.41464997256,-13.892,3.935,-14.598,3.624,8.38596879203989,6.46927957573062,25.10322581,0.186429381,23.55455652,5.33163119,"3"
"122","P. lutea",0.00141766114735597,351764.705882353,77882.3529411764,1.57507308377896,0.0527486631016043,0.622345811051693,0.395121862890668,186.529461155164,132.781625244624,-13.521,3.967,-13.484,3.241,5.99596662337662,5.5438175270108,25.10322581,0.186429381,23.55455652,5.33163119,"3"
"123","P. lutea",0.0012365249670807,497777.777777778,177481.481481482,3.01534049382716,0.0309012345679014,0.954090617283951,0.316412232461678,153.489752831268,204.151093923808,-15.458,5.902,-15.634,4.907,6.72561501625959,5.52914285714286,21.37372881,0.778337969,19.68947976,3.481554209,"3"
"124","P. lutea",0.00112259992390195,367857.142857143,38809.5238095238,2.51735416666667,0.0296567460317461,0.878348214285714,0.348917218687894,123.693413773383,206.002890542191,-15.796,6.264,-17.012,5.102,6.83333333333333,6.12191358024691,21.37372881,0.778337969,19.68947976,3.481554209,"3"
"125","P. lutea",0.00106971186057158,361000,102400,2.68213133333333,0,0.971724666666665,0.362295706623364,154.687388832108,174.077319552241,-15.366,6.022,-15.812,5.186,6.88148148148148,5.48598130841122,21.37372881,0.778337969,19.68947976,3.481554209,"3"
"126","P. lutea",0.00109438963299346,168571.428571429,93142.8571428572,1.75320285714286,0.00580063492063501,0.547477777777778,0.312272921269354,178.217786689324,163.286912977767,-13.728,6.415,-14.664,4.584,6.57093201612903,5.75,21.37372881,0.778337969,19.68947976,3.481554209,"3"
"127","P. lutea",0.00115132584984014,316853.932584269,64044.9438202247,2.29157517388978,0.0472073301230604,0.802214553237024,0.350071235880656,91.4135476460021,205.561206353784,-14.986,6.597,-14.11,4.553,6.88888888888889,6.13245997088792,21.87770492,1.255479183,18.96877719,0.691423339,"3"
"128","P. lutea",0.00105580669320879,313513.513513514,61621.6216216216,2.52788048048048,0.00430300300300316,0.981967567567568,0.388454903287565,97.6504111995329,160.392744505506,-15.605,5.476,-14.96,3.695,6.32840043010753,7.07553168205965,21.87770492,1.255479183,18.96877719,0.691423339,"3"
"130","P. profundacella",0.00181646094363147,82692.3076923075,25769.2307692307,4.40941346153845,0.909999358974358,1.00335961538461,0.22754945167572,27.965010374507,122.149688092942,-15.812,3.333,-16.808,2.454,6.38018103469854,7.88200306234856,25.10322581,0.186429381,23.55455652,5.33163119,"1"
"132","P. profundacella",0.00167626958344725,254901.960784314,26274.5098039216,3.26700588235294,0.963944444444446,0.644135294117648,0.197163799917536,25.5543692958084,83.5520860297766,-18.219,3.793,-18.943,2.781,6.11569278724546,7.74075519961549,25.10322581,0.186429381,23.55455652,5.33163119,"1"
"134","P. profundacella",0.00131680090125977,316666.666666666,42916.6666666666,4.07769305555554,0.305825,0.941101388888886,0.230792601617404,36.4425668443063,179.383148618429,-18.977,2.977,-19.404,2.185,7.26308365335787,7.82461530994322,25.10322581,0.186429381,8.22187065,2.703807284,"1"
"135","P. profundacella",0.00161929226380852,145384.615384615,36923.076923077,2.31582628205128,0.389289102564103,0.597782692307693,0.258129332472294,20.3423695489086,130.014552821197,-19.517,3.568,-20.943,1.794,6.04600956666896,8.39075868019387,25.10322581,0.186429381,9.450157491,2.955163827,"1"
"136","P. profundacella",0.00178301582744784,207017.543859649,21754.3859649122,2.23737426900584,0.106918964076859,0.58263909774436,0.260411995353486,30.4983806167746,181.094858252293,-18.31,3.981,-18.282,3.169,6.4746977358018,7.27956586392915,25.10322581,0.186429381,9.450157491,2.955163827,"1"
"137","P. profundacella",0.00173937777402575,235416.666666667,15000,3.96287430555556,0.957493750000001,0.819785416666667,0.206866368564203,31.9188567800326,115.729840169101,-17.6,4.27,-17.698,3.347,6.22056012699819,8.78282660350001,25.10322581,0.186429381,8.22187065,2.703807284,"1"
"138","P. profundacella",0.00184097627586207,368627.450980392,45490.1960784313,2.15092343604108,0.271786181139122,0.756114845938374,0.351530339606162,31.7309168311033,153.44884583546,-18.23,4.012,-17.941,3.571,7.12586221741041,8.92578674004682,25.10322581,0.186429381,8.22187065,2.703807284,"1"
"139","P. profundacella",0.00197582270770745,161176.470588236,77647.0588235295,2.73881503267974,0.848617647058825,0.659654248366014,0.240853887719678,18.6574867892107,220.130416059212,-14.313,3.451,-15.453,2.471,8.58931341274254,8.76615009314723,28.34967213,1.07605602,44.06271592,4.294457341,"1"
"140","P. profundacella",0.00144847358158537,152916.666666667,16250,4.15107361111111,1.6989875,0.6167125,0.148566987188388,34.3611957586622,178.397029563306,-13.764,4.413,-14.619,2.941,8.6129490034519,9.9276490504614,28.34967213,1.07605602,44.06271592,4.294457341,"1"
"141","P. profundacella",0.00183048271695292,204081.632653061,53061.2244897959,2.6392231292517,0.676795238095238,0.548816326530612,0.207946164326856,17.6878692286817,147.821252161658,-14.107,3.548,-13.895,2.588,8.16434583656602,9.02887917094702,28.34967213,1.07605602,44.06271592,4.294457341,"1"
"142","P. profundacella",0.00167939358200236,134418.604651163,40000,3.18295968992248,1.09161705426357,0.592075968992248,0.186014284399143,19.6213474824621,105.292944009385,-15.082,4.596,-15.504,3.121,7.44779351949213,7.65480188082418,28.34967213,1.07605602,19.06912032,4.17121641,"1"
"143","P. profundacella",0.00165562008349464,176818.181818182,40909.0909090909,1.62954015151515,0.276526515151515,0.52193106060606,0.320293464460368,27.914688206771,114.771609271115,-15.796,4.217,-15.275,3.719,6.69487242245854,7.80788539232106,28.34967213,1.07605602,19.06912032,4.17121641,"1"
"145","P. profundacella",0.00176779878085967,219130.434782608,16521.7391304348,2.60851884057971,0.617094927536231,0.658262318840579,0.252350992678393,31.9772033234832,134.799908019131,-17.248,3.575,-15.993,3.662,10.3024611434884,8.95973996844757,28.34967213,1.07605602,19.06912032,4.17121641,"1"
"146","P. profundacella",0.00153743981791152,107346.93877551,10204.0816326531,2.08851564625851,0.147768707482994,0.567696598639457,0.271818216759095,21.2650839347687,129.061310379848,-16.787,4.171,-16.887,4.049,7.40176054835866,8.4972399868034,28.34967213,1.07605602,19.06912032,4.17121641,"1"
"147","P. profundacella",0.00199939738651965,74146.3414634148,5853.65853658538,2.44944634146342,0.733925203252034,0.574300000000001,0.234461147516661,17.0101751500895,146.31695196447,-17.278,3.793,-17.617,3.513,7.19006973464537,9.61766497916386,28.34967213,1.07605602,19.06912032,4.17121641,"1"
"148","P. profundacella",0.00133958739424867,808988.764044943,20898.8764044944,4.70425243445693,0.0956112359550567,1.48292509363296,0.31523076499277,56.5456371094458,272.125349115999,-14.902,5.598,-14.739,4.179,7.74850431027699,8.13823655161652,21.87770492,1.255479183,18.96877719,0.691423339,"3"
"149","P. profundacella",0.0016029875237843,276470.588235294,36078.4313725491,4.2234614379085,0.610684967320262,1.10101960784314,0.260691289367703,39.9774746703462,154.157295953072,-18.667,5.513,-18.716,4.529,6.75218221805751,7.52061638854949,21.87770492,1.255479183,18.96877719,0.691423339,"3"
"150","P. profundacella",0.00137874592115163,352325.581395348,24418.6046511628,3.36496007751938,0.118331395348837,1.04333372093023,0.310058276144355,50.5009341901512,207.158699428522,-16.182,5.241,-15.202,4.661,7.03860670009185,8.20582913656832,21.87770492,1.255479183,18.96877719,0.691423339,"3"
"151","P. profundacella",0.00135031930001403,562711.864406779,16949.1525423729,4.82713220338983,0.0672146892655368,1.53288813559322,0.317556692256482,49.4853453712644,224.058604492911,-15.383,6.194,-15.264,4.362,6.98366615376998,7.6875946385478,21.87770492,1.255479183,18.96877719,0.691423339,"3"
"152","P. profundacella",0.00126063889684122,237288.13559322,4067.79661016949,3.91253276836158,0.398622598870057,1.08948983050847,0.27846152224425,39.4562803950237,170.34547949377,-17.663,3.867,-17.502,4.346,6.15789509766029,7.79050965844102,21.87770492,1.255479183,18.96877719,0.691423339,"3"
"153","P. profundacella",0.00146557606418651,276470.588235294,6666.66666666666,3.15350980392156,0.110262091503268,1.01767581699346,0.322712114523293,36.2189120946116,161.091761747624,-18.684,6.565,-18.618,3.856,5.99254401022233,7.40901027623494,21.87770492,1.255479183,18.96877719,0.691423339,"3"
"154","P. profundacella",0.00193976985254051,446428.571428571,1428.57142857143,4.76578809523809,0.104097023809524,1.68971071428571,0.354550114381722,42.6002068087205,178.739886982885,-17.989,6.07,-17.604,3.282,6.69001696019275,8.26196163267662,28.61901639,0.356364537,22.1440168,3.455177367,"3"
"155","P. profundacella",0.00146200871938693,650819.672131148,8196.72131147542,3.81030210772834,0.222807962529275,1.20686104605777,0.316736314322668,69.4962426546523,311.970227694765,-14.96,6.181,-14.079,4.101,8.13475373949637,9.60072858253326,28.61901639,0.356364537,22.1440168,3.455177367,"3"
"156","P. profundacella",0.00159416282126686,968749.999999999,6249.99999999999,4.32579880952381,0.0699011904761908,1.44144166666667,0.333219765906159,49.5749582342384,237.020705063803,-13.91,5.69,-13.37,4.822,11.8485776648384,10.1236769731579,28.61901639,0.356364537,22.1440168,3.455177367,"3"
"157","P. profundacella",0.00167424846288131,651666.666666666,2333.33333333333,4.12501388888889,0.259747222222222,1.40183611111111,0.33983791300366,54.4520590201428,232.404701196306,-16.772,5.801,-16.586,3.54,7.60458677023415,8.81647348623509,28.61901639,0.356364537,22.1440168,3.455177367,"3"
"158","P. profundacella",0.00126497123732603,666666.666666666,6333.33333333333,4.99199777777777,0.275767222222222,1.58230111111111,0.316967511114455,79.0161731542451,266.733022329649,-16.981,6.064,-17.265,3.752,7.84420622837192,8.55421058403817,28.61901639,0.356364537,22.1440168,3.455177367,"3"
"159","P. profundacella",0.00130617770663388,793442.622950819,7868.85245901638,5.69333114754097,0.0359732240437161,1.83068961748634,0.321549822071572,55.9265876420734,252.384651767799,-14.748,6.118,-13.803,4.222,9.77252212826543,11.0417607257909,28.61901639,0.356364537,22.1440168,3.455177367,"3"
"160","S. pistillata",0.00134710961953309,570312.500000001,239375,2.9460234375,0.0326317708333336,0.987019270833335,0.335034425819409,57.3306616403962,266.708581720426,-19.524,4.774,-19.914,3.16,7.26863529501117,5.91279422954823,21.37372881,0.778337969,19.68947976,3.481554209,"2"
"161","S. pistillata",0.00174308480298356,675000,218529.411764706,3.20047303921569,0.0300264705882353,0.992603431372549,0.310142725531535,91.887054226385,297.70077341518,-19.199,4.912,-19.659,3.485,6.3610671746887,5.78834984890574,21.37372881,0.778337969,19.68947976,3.481554209,"2"
"162","S. pistillata",0.00168680428461751,613414.634146342,321951.219512195,2.92755203252033,0.0418430894308946,0.922605691056911,0.315145787609671,88.1491044752238,246.557778033201,-18.775,4.896,-18.992,3.326,7.07771503618018,6.07754328081492,21.37372881,0.778337969,19.68947976,3.481554209,"2"
"163","S. pistillata",0.00149576209106943,575000,227500,3.19592864583333,0.0366088541666667,1.03580989583333,0.324102948037893,60.2777277364135,295.606002278753,-17.649,4.962,-17.976,3.276,11.5217964953331,6.90727029600084,21.37372881,0.778337969,19.68947976,3.481554209,"2"
"164","S. pistillata",0.00155027194832312,585714.285714285,218571.428571428,3.12486904761905,0.0636533333333335,1.05437285714286,0.337413453516147,83.0446621209659,226.939030828261,-19.743,4.333,-19.893,3.218,5.85174274263425,5.7008762009625,21.37372881,0.778337969,19.68947976,3.481554209,"2"
"165","S. pistillata",0.00145503181375495,667857.142857144,271071.428571429,3.82620595238096,0.0470553571428573,1.22028571428572,0.318928392635624,90.8528238727672,289.424861806088,-18.917,4.383,-19.886,2.781,5.58426920958523,5.96327953635339,21.37372881,0.778337969,19.68947976,3.481554209,"2"
"166","S. pistillata",0.00158416532170846,263265.306122449,199591.836734694,2.57873469387755,0.570002040816327,0.720844897959183,0.279534338941737,30.2700212432855,116.607801760016,-18.419,3.842,-18.221,1.28,10.866899511397,6.68087322706734,28.34967213,1.07605602,44.06271592,4.294457341,"1"
"167","S. pistillata",0.00177681679084491,384905.660377359,248679.245283019,3.64085157232704,0.430738364779875,1.10348301886792,0.30308376953764,55.3812114629639,253.99513501686,-17.839,3.359,-17.967,1.621,6.19507909038094,6.66199962112015,28.34967213,1.07605602,44.06271592,4.294457341,"2"
"168","S. pistillata",0.00169681105623237,286363.636363637,185454.545454546,4.09130151515153,0.984023484848488,1.08891515151515,0.266153728216441,48.2781989613967,173.778668518498,-18.265,3.314,-18.219,2.164,5.80669270632656,5.95479983092766,28.34967213,1.07605602,38.71305552,4.472016289,"1"
"169","S. pistillata",0.00186614778770384,398378.378378379,278918.918918919,3.41802882882883,0.774013513513515,0.927302702702704,0.27129750775696,49.8253244806002,210.061728381949,-18.324,3.42,-18.569,1.646,6.25304314809916,5.99496532373802,28.34967213,1.07605602,41.64954465,4.3825229,"2"
"170","S. pistillata",0.00189988392582373,346938.775510204,277142.857142857,2.05658571428571,0.218675510204082,0.63837074829932,0.310403181284878,44.9410818449705,184.874628856221,-17.286,3.603,-18.07,1.785,6.44147257746306,5.882725911898,28.34967213,1.07605602,41.64954465,4.3825229,"2"
"171","S. pistillata",0.00172931642643495,434090.909090909,182727.272727273,2.5391303030303,0.151035606060606,0.815146969696969,0.321033925956513,58.5244807021218,197.159386395072,-17.92,3.623,-18.258,2.294,5.2623543277756,5.86956864085289,28.34967213,1.07605602,41.64954465,4.3825229,"2"
"172","S. pistillata",0.00147037238264734,392682.926829268,210731.707317073,2.61769593495935,0.23959918699187,0.804565853658535,0.307356497335521,49.3386368612162,113.713394825079,-18.253,3.465,-18.067,2.137,6.27729081324962,5.88811048169947,28.34967213,1.07605602,19.06912032,4.17121641,"1"
"173","S. pistillata",0.00215102751828487,278723.404255319,117872.340425532,2.01864113475177,0.12628085106383,0.649557446808511,0.32177955537817,39.2535254465042,102.730566715258,-19.009,3.635,-18.68,1.55,6.06732967550192,6.59770906708296,28.34967213,1.07605602,19.06912032,4.17121641,"1"
"174","S. pistillata",0.00179804896173066,464444.444444444,180000,3.1195637037037,0.0447540740740742,1.00843333333333,0.323261016319709,69.1254280735507,198.80053621229,-18.407,3.159,-17.692,2.019,4.98845219926152,6.52313280001565,28.34967213,1.07605602,19.06912032,4.17121641,"2"
"175","S. pistillata",0.0019292744184976,451063.829787234,182978.723404255,3.23221843971631,0.62965390070922,0.936660992907802,0.289788889698312,91.3991984998525,233.662162878339,-17.648,3.437,-17.501,1.917,6.08715513136636,5.74683931677497,28.34967213,1.07605602,19.06912032,4.17121641,"2"
"176","S. pistillata",0.00141183938734263,543181.818181818,164545.454545455,2.59242803030303,0.239492424242424,1.06828409090909,0.412078591352146,47.8246525751753,148.104336723102,-17.826,3.27,-17.373,1.983,5.90790716565201,6.72547605093473,28.34967213,1.07605602,19.06912032,4.17121641,"2"
"177","S. pistillata",0.00137411972537101,427659.574468085,144680.85106383,3.15801773049646,0.527104255319149,0.833172340425533,0.263827632245293,44.3425654498906,101.912975401069,-19.262,3.403,-19.466,1.672,6.43248941656103,5.94947873425169,28.34967213,1.07605602,19.06912032,4.17121641,"1"
"178","S. pistillata",0.00155730869463442,642857.142857141,266666.666666666,5.40301746031745,0.901325396825395,1.11763968253968,0.206854723448185,109.020762479682,165.107135005353,-18.286,3.346,-18.592,1.727,6.03590747856536,6.12922187232981,25.10322581,0.186429381,23.55455652,5.33163119,"2"
"179","S. pistillata",0.00187137287188176,590666.666666666,402666.666666666,2.89276444444444,0.314966666666666,0.760848888888888,0.263017920574245,98.1225577189221,275.96854928194,-17.593,3.523,-17.629,2.054,6.34889449350472,6.41837930249804,25.10322581,0.186429381,23.55455652,5.33163119,"2"
"180","S. pistillata",0.00165491379678335,316666.666666668,164000.000000001,4.8029477777778,1.66750000000001,0.94137666666667,0.195999771436662,52.8902163400207,100.002257932706,-18.746,3.631,-18.541,2.146,6.23427012544428,6.13089235913194,25.10322581,0.186429381,23.55455652,5.33163119,"1"
"181","S. pistillata",0.00169714544187644,552000,450000,6.44070166666666,2.03538166666667,1.18018166666667,0.183238058172233,123.015235714469,177.064559068009,-18.528,3.236,-18.73,2.058,6.1237940425482,5.68926492893134,25.10322581,0.186429381,23.55455652,5.33163119,"2"
"182","S. pistillata",0.00169469227695353,1021111.11111111,613333.333333335,4.59550925925927,0.650637037037039,1.13052037037037,0.246005460241983,163.532699459857,313.362722030551,-17.663,3.533,-17.776,2.054,6.27457432963906,6.26311676662206,25.10322581,0.186429381,23.55455652,5.33163119,"2"
"183","S. pistillata",0.00158605864813208,689230.769230768,325384.615384615,3.88601538461538,0.263980769230769,0.940879487179485,0.242119341808167,108.04508908801,258.281252331061,-17.794,3.232,-18.355,1.862,7.02760001241502,6.44271689588444,25.10322581,0.186429381,23.55455652,5.33163119,"2"
"184","S. pistillata",0.00193938447776905,575000.000000003,246250.000000001,3.11537291666669,0.113143750000001,0.963464583333339,0.309261397946607,86.0054052459884,149.367811084932,-19.068,3.569,-18.617,2.308,6.07326614398289,5.59289668122484,25.10322581,0.186429381,10.86563051,3.228583778,"2"
"185","S. pistillata",0.00254730199401769,1295555.55555556,493333.333333334,7.41424814814816,0.255014814814816,2.12295185185186,0.286334070485906,180.42020122647,347.939241055064,-18.467,3.453,-18.427,2.318,5.61568831387701,5.88109908572907,25.10322581,0.186429381,8.22187065,2.703807284,"2"
"186","S. pistillata",0.0019638155506931,855555.555555557,282222.222222223,4.97230000000001,0.343437037037038,1.48124074074074,0.297898505870672,127.050302061914,262.023219825356,-18.468,3.395,-18.139,2.253,5.32815727786268,5.62104918498356,25.10322581,0.186429381,8.22187065,2.703807284,"2"
"187","S. pistillata",0.00196245644323396,760000,366315.789473684,4.82267543859649,0.0738894736842107,1.53033859649123,0.317321498403922,121.101699862267,263.882743297689,-19.218,3.385,-19.006,1.441,5.30776021499555,5.33782574514116,25.10322581,0.186429381,8.22187065,2.703807284,"2"
"188","S. pistillata",0.00191731039777669,887142.857142858,417142.857142858,4.72222142857143,0.0327928571428575,1.35652619047619,0.287264418027633,138.907951885182,289.292636370174,-18.483,3.535,-18.163,1.68,5.96414679376338,5.48276475102729,25.10322581,0.186429381,8.22187065,2.703807284,"2"
"189","S. pistillata",0.00212747700252302,571000,172000,2.81120833333333,0.0757233333333334,0.917851666666666,0.326497206124294,77.6838848467806,151.914920689588,-18.265,3.538,-18.01,2.483,5.71575518027558,5.70304508773449,25.10322581,0.186429381,8.22187065,2.703807284,"2"
"190","S. pistillata",0.00179739778890275,540000,545333.333333333,4.66213111111111,0.0250000000000001,1.20310444444444,0.258058903915663,158.434590647841,305.525291683819,-18.345,3.636,-18.564,1.313,5.82211085154179,5.44414308714783,25.10322581,0.186429381,8.22187065,2.703807284,"2"
"191","S. pistillata",0.00167572241375517,733333.333333333,79555.5555555555,2.98189259259259,0,1.08710148148148,0.3645676186265,84.1180565598608,113.636244581472,-16.899,6.136,-17.399,4.34,6.88418801836509,5.88818417257187,28.61901639,0.356364537,22.1440168,3.455177367,"3"
"192","S. pistillata",0.00140144683600335,604347.826086957,97391.3043478262,2.73124420289855,0,0.923552898550726,0.338143655397272,80.4209719331445,152.100459884734,-16.151,6.016,-16.531,4.049,6.78949897662436,5.78797374314475,28.61901639,0.356364537,22.1440168,3.455177367,"3"
"193","S. pistillata",0.0014082050138921,650000.000000001,122592.592592593,2.87273333333334,0,0.926245679012348,0.32242661310216,86.8381100732404,196.490926473004,-15.883,5.85,-15.777,4.589,6.83325424162139,5.9450133068027,28.61901639,0.356364537,22.1440168,3.455177367,"3"
"194","S. pistillata",0.00150728585874813,456250,149166.666666667,3.55083541666667,0,1.18267569444444,0.333069702102577,105.873254321309,166.892511106035,-17.998,5.136,-18.94,4.022,5.92090956458479,5.49513310140629,27.54295082,1.263945337,19.65355719,2.116119815,"3"
"195","S. pistillata",0.00170247794711865,869642.857142856,194642.857142857,4.83690178571428,0,1.5934494047619,0.329435964457276,117.75158135404,221.660656551914,-18.198,4.937,-19.254,3.472,6.95210884731731,6.24101521103677,27.54295082,1.263945337,19.65355719,2.116119815,"2"
"196","S. pistillata",0.00191188790819317,618181.818181819,158545.454545455,4.4335393939394,0,1.45348121212121,0.327837667148759,103.593203330165,186.853998214692,-17.961,5.261,-18.849,3.715,5.33032790722863,6.17761497482292,27.54295082,1.263945337,19.65355719,2.116119815,"2"
